9788572328154,Paper,Romance,Butorides striatus,Clerissa Petriello,1900/09/04,2010,249
9780322257585,Paper,Horror,Equus hemionus,Hugibert Bairnsfather,1910/05/10,2001,448
9783179640280,Paper,Horror,Hippotragus equinus,Lyndy Spellessy,1922/10/10,1996,971
9780955244928,Paper,Horror,Platalea leucordia,Rodolphe Mishaw,1944/12/01,1972,854
9788835758879,Paper,Horror,Anser caerulescens,Kellen Wormleighton,1909/03/21,2011,127
9789188155694,Audio,Horror,Equus burchelli,Chryste Gerard,1937/04/09,1993,668
9782220471936,Paper,Drama,Tringa glareola,Myrah Crossthwaite,1902/11/20,2012,1287
9782788183782,Audio,Horror,Madoqua kirkii,Haze Scoles,1935/01/18,1970,1060
9785987855345,Paper,Horror,Thylogale stigmatica,Dael Geraudel,1900/06/14,1962,436
9784519924294,Paper,Horror,Sylvicapra grimma,Tobye Leander,1935/03/30,1982,1008
9787910409753,Audio,Horror,Macaca radiata,Gaylene Withull,1937/05/03,1966,881
9785542208145,Paper,Romance,Hippopotamus amphibius,Renie Manuello,1940/12/12,1966,106
9788304872947,Paper,Drama,Amblyrhynchus cristatus,Ruthanne Tullot,1916/04/26,1982,1161
9783289593304,Paper,Horror,Pelecanus conspicillatus,Eugenius Kobelt,1928/05/17,2009,1443
9788667766233,Audio,Horror,Varanus komodensis,Yule Whittlesey,1910/09/24,2000,1116
9786705311960,Audio,Horror,Acrantophis madagascariensis,Douglass Kielt,1910/11/18,2013,849
9781803561533,Paper,Horror,Boselaphus tragocamelus,Holly-anne Mithan,1925/10/20,1966,574
9784243433318,Paper,Horror,Merops nubicus,Lynea Pollins,1925/12/11,2014,145
9785734275163,Paper,Drama,Macropus giganteus,Perrine Twelvetree,1916/07/31,1976,1150
9785622174913,Paper,Horror,Paradoxurus hermaphroditus,Lane Abercrombie,1941/03/04,1960,836
9783614645220,Audio,Horror,Platalea leucordia,Devon Fakes,1906/11/12,1981,386
9780632346133,Audio,Horror,Mephitis mephitis,Demott Meace,1935/06/13,2013,1189
9782535424444,Paper,Romance,Semnopithecus entellus,Bertrando Woodstock,1904/12/21,1964,398
9788319770483,Paper,Horror,Eolophus roseicapillus,Marcelline Hing,1904/11/28,2002,483
9780727958239,Paper,Drama,Theropithecus gelada,Stefania Hazard,1906/06/15,1990,880
9783082805264,Audio,Horror,Smithopsis crassicaudata,Felizio Addeycott,1922/12/19,1967,727
9786649630580,Paper,Horror,Phalacrocorax niger,Pierre Robyns,1932/05/27,2004,248
9780253304075,Paper,Horror,Milvus migrans,Jerrold Fonte,1939/04/17,1981,610
9786484303343,Audio,Horror,Snycerus caffer,Shelden Plumstead,1928/05/28,2016,784
9789820772733,Paper,Horror,Cynictis penicillata,Devlin Merida,1935/02/20,1989,1112
9786145634191,Paper,Drama,Choloepus hoffmani,Ailbert Fawdrie,1937/12/23,2012,215
9781259995983,Paper,Horror,Alcelaphus buselaphus caama,Didi Venners,1906/09/15,1989,60
9787131259030,Paper,Horror,Ninox superciliaris,Nissa Brunsen,1905/04/29,2014,113
9782290996063,Paper,Romance,Phasianus colchicus,Creight Gooda,1934/02/05,1960,165
9784919536691,Paper,Horror,Zenaida galapagoensis,Genni Lorrain,1933/11/30,1994,461
9788193524160,Audio,Horror,Phalacrocorax niger,Randolf Mary,1909/08/26,1987,816
9785312968789,Paper,Drama,Chloephaga melanoptera,Nichol Sandall,1911/12/23,2002,359
9782147404506,Paper,Horror,Butorides striatus,Clerkclaude Slad,1931/10/07,2005,946
9784033599793,Paper,Horror,Laniaurius atrococcineus,Wang Grist,1913/02/22,1995,102
9787666411396,Paper,Horror,Zalophus californicus,Reeva Artz,1935/01/18,1974,1132
9784016444073,Audio,Horror,Francolinus coqui,Nobie Copplestone,1942/08/03,2013,361
9789765335463,Paper,Horror,Dasypus novemcinctus,Brigit Singleton,1925/10/28,2006,811
9787763356325,Paper,Drama,Castor canadensis,Domeniga Covill,1909/06/15,1993,423
9787638031528,Paper,Horror,Larus sp.,Vinnie Hasel,1930/05/24,1994,665
9781242853688,Paper,Romance,Vanellus armatus,Maurice West,1949/06/16,2004,797
9783380677167,Audio,Horror,Mabuya spilogaster,Beale Tydd,1926/03/26,2012,1007
9786075192229,Paper,Horror,Acrobates pygmaeus,Smitty Rickarsey,1927/02/04,1975,1058
9784257483292,Paper,Horror,Leptoptilos crumeniferus,Lurette Ornils,1900/06/13,1994,1156
9785314988573,Paper,Drama,Centrocercus urophasianus,Laurel Casarino,1934/12/02,1979,535
9787452178004,Audio,Horror,Taurotagus oryx,Brett Grigoryov,1936/11/12,1981,560
9784950097470,Audio,Horror,Chelodina longicollis,Ibbie Posten,1903/07/18,1993,914
9788848836356,Paper,Horror,Phalaropus lobatus,Olympia Ventum,1937/04/20,1971,1012
9784227916382,Paper,Horror,Varanus sp.,Mechelle Gorges,1929/08/17,2001,1177
9780390584001,Paper,Horror,Antidorcas marsupialis,Judie Maxwell,1905/06/10,2017,1280
9787405126899,Paper,Drama,Conolophus subcristatus,Isacco McCully,1922/01/17,1974,483
9784139129379,Paper,Romance,Cracticus nigroagularis,Conn Aslin,1947/04/25,1975,296
9785496431130,Audio,Horror,Cynomys ludovicianus,Tatiana Jelf,1908/05/14,1983,1267
9781438104109,Paper,Horror,Plectopterus gambensis,Nadean Waghorn,1926/10/16,2005,1335
9784191983929,Paper,Horror,Corvus brachyrhynchos,Graig Philpotts,1916/01/22,2003,914
9784401494512,Paper,Horror,Didelphis virginiana,Louie Hearsey,1941/11/02,1986,826
9781625847564,Paper,Drama,Aonyx capensis,Inger Wild,1926/07/19,1996,555
9787305923528,Paper,Horror,Aonyx cinerea,Andrej Hedges,1924/11/26,1995,1393
9786802359361,Paper,Horror,Vanessa indica,Dyanne Dewbury,1943/02/18,2011,910
9780276177905,Audio,Horror,Columba livia,Donal McCleary,1907/08/21,1993,37
9788979406115,Paper,Horror,Larus fuliginosus,Ramsey Neward,1927/08/07,2017,167
9789744739868,Audio,Horror,Alectura lathami,Allsun Stancer,1921/10/07,1960,646
9782877414330,Paper,Romance,Streptopelia decipiens,Callida Syrett,1931/04/26,1991,386
9787795823185,Paper,Horror,Lemur catta,Leora Cattell,1949/12/20,1988,679
9784414264900,Paper,Horror,Canis mesomelas,Fara Cohane,1904/06/21,1979,296
9782498611953,Paper,Horror,Meles meles,Patrizius Abbett,1943/01/13,2001,101
9782274355536,Audio,Horror,Cochlearius cochlearius,Alexandrina Habbon,1925/08/11,1963,1269
9787475295762,Paper,Horror,Stercorarius longicausus,Skippie Peete,1928/01/25,2012,1169
9784706454479,Paper,Drama,Dipodomys deserti,Cherin Genney,1949/06/27,2005,165
9781851916543,Paper,Horror,Oxybelis sp.,Glendon Ames,1913/09/22,1998,704
9785233187585,Paper,Horror,Ciconia ciconia,Burk Watts,1930/10/13,1985,1125
9782513823707,Audio,Horror,Gopherus agassizii,Tadd Conibere,1900/11/06,1982,51
9789159514007,Paper,Horror,Rhea americana,Norene Coatts,1944/07/19,1975,1088
9788319497611,Paper,Romance,Seiurus aurocapillus,Gardiner Richemont,1915/01/14,2013,1126
9787962365390,Paper,Drama,Otaria flavescens,Pace Pallesen,1917/04/13,2016,854
9783100208615,Paper,Horror,Mazama gouazoubira,Huntington Inggall,1944/04/03,1976,1497
9782844451429,Audio,Horror,Mycteria ibis,Callean Kensall,1925/02/23,1987,1314
9787653554574,Paper,Horror,Phalacrocorax carbo,Matelda Angrove,1900/10/01,2009,1360
9786963605799,Paper,Horror,Bos taurus,Vanna Chadwin,1907/10/19,2010,733
9788912184821,Paper,Horror,Alcelaphus buselaphus cokii,Morley Hercules,1920/03/30,2017,767
9783135138135,Paper,Drama,Panthera onca,Bren Garwood,1947/09/20,2010,691
9783054017580,Audio,Horror,Tayassu pecari,Claudina Revett,1938/04/03,1996,1314
9788242666834,Paper,Horror,Lamprotornis nitens,Torry Zorzoni,1936/10/27,2005,1172
9783685337152,Paper,Horror,Smithopsis crassicaudata,Tristam Martynov,1930/03/12,1973,1216
9781560698036,Paper,Romance,Macropus fuliginosus,Moll Bosma,1921/11/25,2002,306
9788035218007,Paper,Horror,Pseudocheirus peregrinus,Dillon Sinclar,1919/03/08,1965,525
9781125946690,Paper,Drama,Eurocephalus anguitimens,Annalise Terney,1929/07/14,1977,504
9787905564724,Audio,Horror,Morelia spilotes variegata,Cletus Shilstone,1946/01/16,1985,1317
9786660020199,Paper,Horror,Mirounga leonina,Devan Clemoes,1912/06/06,1991,86
9780481865336,Paper,Horror,Mirounga leonina,Elnora Gulleford,1945/05/25,1982,1469
9787026351523,Paper,Horror,Phalacrocorax carbo,Roseanna Beldham,1921/07/23,2003,644
9786846689546,Audio,Horror,Lasiorhinus latifrons,Roi Enderwick,1904/09/08,2012,732
9786882804172,Paper,Drama,Bassariscus astutus,Daria Younghusband,1903/05/30,1967,947
9781421940818,Paper,Horror,Mazama gouazoubira,Virge Kindle,1911/08/26,2017,718
9786139573993,Audio,Horror,Oryx gazella,Charin Pepye,1949/04/09,2008,809
9781501187725,Paper,Romance,Phalaropus lobatus,Rhianna Tschersich,1924/05/23,2015,97
9781816985312,Audio,Horror,Semnopithecus entellus,Dusty Bryce,1943/01/23,1985,1082
9787467259502,Paper,Horror,Arctogalidia trivirgata,Star Moro,1914/05/02,2015,481
9789287867585,Paper,Drama,Graspus graspus,Theodore Hess,1907/03/21,2009,1060
9784319751000,Paper,Horror,Trichosurus vulpecula,Wendall Pickrill,1928/11/21,1987,384
9780098081195,Paper,Horror,Nycticorax nycticorax,Ellie Leonardi,1906/02/13,1992,1100
9788639219828,Audio,Horror,Neophoca cinerea,Gabi Buxsy,1931/03/09,1970,909
9789895510774,Paper,Horror,Coluber constrictor foxii,Rhody Patullo,1928/07/23,1960,508
9783054305641,Paper,Horror,Hyaena hyaena,Vonny Woolston,1925/11/03,1971,842
9788535558667,Paper,Drama,Corvus albicollis,Leila Birkenhead,1908/12/18,1992,516
9782662112757,Paper,Horror,Tadorna tadorna,Joyous Legat,1938/12/12,2008,1045
9782514431610,Paper,Romance,Cacatua galerita,Maryanne Fay,1910/02/15,1961,1296
9785923266543,Paper,Horror,Bugeranus caruncalatus,Ransell Seeviour,1917/10/03,1982,225
9788614416550,Audio,Horror,Ara ararauna,Cort Brownbridge,1945/07/22,2005,819
9783193151489,Paper,Horror,Chlidonias leucopterus,Nicol Chelam,1932/07/22,1993,1052
9788606827886,Paper,Drama,Spermophilus armatus,Winfred Perfitt,1938/01/29,1982,470
9780956106516,Audio,Horror,Boa caninus,Karie Spurden,1947/10/26,1964,915
9784114101192,Paper,Horror,Lamprotornis superbus,Queenie Brideaux,1919/06/01,1997,727
9786064266313,Paper,Horror,Corythornis cristata,Malinda Carnelley,1947/03/24,2000,66
9785861558991,Paper,Horror,Papio cynocephalus,Farrah Howkins,1925/01/11,2012,16
9782860404886,Audio,Horror,Lepus arcticus,Cornelius Schade,1905/06/08,1991,1286
9782946008773,Paper,Drama,Felis pardalis,Sholom Bonhomme,1934/09/02,1996,1198
9784881627342,Paper,Romance,Colobus guerza,Pasquale Junkin,1921/01/28,1963,1194
9782414296424,Paper,Horror,Porphyrio porphyrio,Moselle Easbie,1913/08/05,2017,829
9787196170099,Paper,Horror,Phoenicopterus chilensis,Winthrop Gartan,1937/02/20,1999,31
9785212565845,Paper,Horror,Lycaon pictus,Dael MacDonough,1925/05/15,2008,1102
9781021222121,Audio,Horror,Geochelone radiata,Trudy Punchard,1904/01/30,1985,496
9789586660005,Paper,Drama,Bubulcus ibis,Patsy Wylder,1925/07/03,2018,642
9787656439626,Paper,Horror,Bassariscus astutus,Alberik Calow,1918/07/13,2016,1343
9786670404076,Paper,Horror,Felis wiedi or Leopardus weidi,Abagail Castellaccio,1901/07/12,1961,1458
9784451946583,Paper,Horror,Capra ibex,Torrence Bolam,1934/04/24,2015,240
9782316930518,Audio,Horror,Pseudocheirus peregrinus,Mason Colbron,1911/09/23,2015,768
9789558323867,Paper,Horror,Kobus defassa,Neel Fattorini,1910/07/18,1994,992
9786479567981,Paper,Romance,Psophia viridis,Denys Narrie,1931/01/25,1985,633
9785004366067,Audio,Horror,Eutamias minimus,Alexandre Force,1929/09/25,1970,260
9785659205667,Paper,Horror,Dasypus septemcincus,Bell Spriggin,1941/12/18,1973,1161
9781749320524,Audio,Horror,Pycnonotus nigricans,Kandace Coonihan,1908/09/11,2005,574
9788162158149,Paper,Horror,Bubalus arnee,Shamus Boggon,1904/10/22,1995,34
9787330601939,Paper,Horror,Agkistrodon piscivorus,Angelica Lowseley,1921/12/17,2010,1074
9787284449137,Paper,Drama,Uraeginthus granatina,See Sealy,1907/12/01,2013,235
9787508492583,Paper,Horror,Manouria emys,Sharla Shaxby,1923/10/16,1988,376
9780459531200,Audio,Horror,Bubo virginianus,Gav Gravey,1922/02/26,1985,158
9781589726650,Paper,Horror,Lemur catta,Alvis McFaul,1920/12/09,1994,1177
9785316915425,Paper,Horror,Varanus salvator,Reg Pengilly,1918/05/17,2001,868
9789202456095,Paper,Romance,Phasianus colchicus,Aubree Witcomb,1936/10/12,1987,264
9784901296335,Paper,Drama,Uraeginthus bengalus,Woodie Kornel,1910/07/22,2003,409
9785952520137,Audio,Horror,Psophia viridis,Arty Flecknoe,1914/06/16,1971,624
9781015599659,Paper,Horror,Larus fuliginosus,Leann Andrewartha,1939/05/12,1982,1412
9780594318834,Audio,Horror,Eubalaena australis,Sloan Whittick,1903/03/12,1966,126
9787814444381,Paper,Horror,Pseudoleistes virescens,Patsy Harcourt,1933/12/07,1964,758
9780386316782,Paper,Horror,Ictonyx striatus,Timofei Stud,1946/05/08,1964,1435
9782330093120,Paper,Drama,Podargus strigoides,Stormi Romanski,1930/03/22,2015,471
9781266902256,Paper,Horror,unavailable,Bendick Romanin,1946/05/16,2009,70
9784477570913,Paper,Horror,Pelecans onocratalus,Halsey Ohanessian,1909/10/24,2013,1307
9789982346244,Paper,Horror,Phylurus milli,Tracee Brent,1937/08/14,1985,1301
9781346377117,Paper,Romance,Cordylus giganteus,Brucie Hoy,1918/01/16,1988,151
9789930903653,Audio,Horror,Tragelaphus angasi,Deena Dikle,1938/07/06,2014,36
9786178569233,Paper,Drama,Toxostoma curvirostre,Buckie Keely,1901/11/28,2002,1387
9787043778067,Paper,Horror,Kobus leche robertsi,Arleta Brant,1909/12/07,1985,1240
9781428546064,Paper,Horror,Bettongia penicillata,Gerrie Guys,1921/10/11,1980,139
9781156100422,Paper,Horror,Tachyglossus aculeatus,Kial Abbes,1911/08/15,2007,966
9788850718241,Audio,Horror,Echimys chrysurus,Pansy Russen,1914/09/17,1979,482
9787533712608,Audio,Horror,Aepyceros mylampus,Iago Bonnesen,1914/05/04,1996,1019
9786230597178,Paper,Drama,Dasyurus maculatus,Emera Izard,1922/10/09,1975,685
9783133953014,Paper,Horror,unavailable,Kandace Axston,1903/07/02,1990,467
9784992966410,Paper,Horror,Buteo galapagoensis,Araldo Jurek,1925/05/31,2011,314
9782604212055,Paper,Romance,Stenella coeruleoalba,Barny Anderton,1929/04/10,1981,1130
9780596735393,Paper,Horror,Zalophus californicus,Georgette Bartholin,1914/01/11,1988,749
9783830382039,Paper,Horror,Pteronura brasiliensis,Fran Gamil,1945/12/15,1986,1299
9783020808267,Paper,Drama,Manouria emys,Ernestine Pattlel,1900/08/28,2005,1091
9781102727321,Paper,Horror,Acrantophis madagascariensis,Bing Wolffers,1936/05/01,1986,801
9780000203671,Audio,Horror,Antidorcas marsupialis,Malina Vasilyonok,1923/07/21,2002,1405
9782395140501,Paper,Horror,Ara chloroptera,Helenka Lochead,1928/06/22,2003,1448
9785732697382,Paper,Horror,Tragelaphus strepsiceros,Ilaire Ramalhete,1907/11/13,1997,1120
9784105757917,Paper,Horror,Connochaetus taurinus,Caryl Burlay,1925/02/27,1979,1444
9781329339534,Paper,Drama,Equus burchelli,Crysta Rissen,1910/01/02,1977,166
9784809696484,Audio,Horror,Terrapene carolina,Lanny Corssen,1947/09/13,1999,1002
9786804773935,Paper,Romance,Macaca mulatta,Barthel Drewitt,1916/02/12,2005,1359
9783406544489,Paper,Horror,Sylvicapra grimma,Willem Figure,1905/11/30,2009,750
9786858105183,Paper,Horror,Centrocercus urophasianus,Barney Epsly,1916/05/22,1962,1345
9782497495993,Paper,Horror,Meles meles,Fulton Moland,1923/08/07,2018,723
9788868870993,Paper,Drama,Galago crassicaudataus,Godiva Raulston,1947/02/16,1979,12
9786018921585,Paper,Horror,Lutra canadensis,Sullivan Combes,1908/02/12,2009,1318
9780255002469,Audio,Horror,Trichosurus vulpecula,Ivonne Rout,1914/04/29,1999,1337
9782868135529,Paper,Horror,Connochaetus taurinus,Abelard Lavigne,1944/04/05,2018,1227
9789708113168,Paper,Horror,Papio cynocephalus,Lynda Bartolic,1939/03/17,1962,732
9780220984812,Audio,Horror,Certotrichas paena,Marcella Braiden,1902/06/13,2006,569
9780801440737,Paper,Drama,Laniaurius atrococcineus,Donielle Petru,1937/10/16,1977,1356
9788148158645,Paper,Romance,Heloderma horridum,Shaun Basnett,1911/08/07,1976,918
9789760836726,Paper,Horror,Pycnonotus nigricans,Osmund Pretious,1911/06/17,2007,178
9782187274864,Audio,Horror,Carphophis sp.,Kimberlyn Bartusek,1911/05/12,2012,1063
9780877283327,Audio,Horror,Philetairus socius,Ermina Dawtrey,1919/10/09,1960,544
9787216809926,Paper,Horror,Felis silvestris lybica,Adelle Keaveny,1904/08/17,1976,1006
9780656291526,Paper,Drama,Calyptorhynchus magnificus,Prent Dozdill,1901/01/02,1967,1144
9783515275587,Paper,Horror,Meles meles,Saree Geldeford,1940/12/07,1968,1023
9786305441367,Paper,Horror,Bubo virginianus,Moll O'Beirne,1947/02/02,1968,1363
9785524827069,Audio,Horror,Cacatua galerita,Leandra Bradley,1937/08/11,1995,330
9786705346636,Audio,Horror,Bettongia penicillata,Merla Castillo,1942/06/18,2000,1021
9789549394087,Paper,Horror,Uraeginthus granatina,Travus Fortescue,1923/04/23,1985,1361
9780883610138,Paper,Romance,unavailable,Clem Taffee,1906/04/15,2013,92
9789470952614,Paper,Horror,Limnocorax flavirostra,Dionysus Tolomelli,1944/06/04,1967,275
9787493228940,Audio,Horror,Acinynox jubatus,Faulkner Belden,1912/10/20,2002,785
9786639896931,Paper,Horror,Zenaida asiatica,Fabiano Doone,1927/05/28,2008,1227
9785667103983,Paper,Horror,Aonyx cinerea,Sergent Winward,1903/09/13,2012,1110
9785463233576,Audio,Horror,Ara chloroptera,Kingston Murthwaite,1916/02/26,1997,573
9782576634716,Paper,Drama,Laniarius ferrugineus,Rozanna Palfree,1903/02/24,1977,747
9784714198624,Audio,Horror,Ara ararauna,Mavra Frangello,1942/09/02,2013,1392
9783740591870,Paper,Horror,Cracticus nigroagularis,Dionisio Jerschke,1906/12/26,2001,1346
9789439226403,Paper,Horror,Cygnus buccinator,Russell Skypp,1903/12/22,2002,1426
9789616701326,Paper,Horror,Libellula quadrimaculata,Kenneth Greeveson,1944/08/24,2001,1294
9788470195925,Paper,Romance,Motacilla aguimp,Vaughn Woolford,1911/05/22,1961,477
9786195471361,Paper,Drama,Meles meles,Cross Sousa,1943/05/08,2002,689
9784208478036,Paper,Horror,Neotis denhami,Ethe Stookes,1905/02/13,2009,958
9788483965869,Paper,Horror,Uraeginthus angolensis,Willi Goodhew,1924/06/26,2010,127
9782808366949,Paper,Horror,Boselaphus tragocamelus,Theodosia Landon,1922/07/10,1969,1019
9784633416162,Paper,Horror,Ursus americanus,Monroe Trayling,1941/01/11,1961,755
9783980023483,Audio,Horror,Haliaetus vocifer,Gabrila Galley,1923/10/18,1997,776
9781273903865,Paper,Drama,Melursus ursinus,Mannie Featherstonhaugh,1900/05/14,2005,685
9780819381831,Audio,Horror,Procyon cancrivorus,Tanner Ivashnikov,1947/02/18,1997,352
9782267967452,Paper,Horror,Semnopithecus entellus,Ilse Comerford,1931/02/04,2003,1309
9781594631378,Paper,Horror,Gyps bengalensis,Arnoldo Seifert,1928/06/07,1998,90
9788152658141,Paper,Romance,Gorilla gorilla,Oriana Symons,1914/09/12,1980,810
9783261755303,Paper,Horror,Hystrix indica,Octavia Winsborrow,1909/01/29,1975,239
9786721254844,Paper,Drama,Lycosa godeffroyi,Georas Varty,1945/05/25,2010,102
9781424315510,Paper,Horror,Bubulcus ibis,Packston Brazier,1922/08/30,1971,13
9782888705544,Audio,Horror,Procyon lotor,Nehemiah Laetham,1912/05/02,1995,396
9780405758552,Audio,Horror,Pycnonotus nigricans,Julietta Syseland,1940/12/17,2013,717
9789092156243,Paper,Horror,Rangifer tarandus,Kippie Soldner,1947/02/06,1989,841
9780113258389,Paper,Horror,Corvus albicollis,Thomasa Sharma,1922/10/17,1992,575
9785464613965,Paper,Drama,Diomedea irrorata,Diana Grimmolby,1915/10/24,1964,1051
9789945132110,Paper,Horror,Genetta genetta,Karlotte Broadley,1906/09/12,1996,23
9781753164088,Audio,Horror,Antechinus flavipes,Edi Trenouth,1917/01/25,1978,850
9789022206778,Paper,Romance,Ardea golieth,Loren Morrow,1941/08/03,2016,819
9783833413728,Paper,Horror,Ara ararauna,Jessalyn Ifill,1908/06/29,1970,252
9784869008607,Paper,Horror,Paraxerus cepapi,Antonio McSpirron,1924/07/02,1963,1428
9789726538434,Paper,Drama,Larus dominicanus,Ewan Gimert,1923/04/14,1981,739
9784711114238,Audio,Horror,Chlidonias leucopterus,Sybyl Rippingall,1901/03/19,2013,112
9780784116199,Paper,Horror,Spermophilus parryii,Dwayne Showalter,1910/07/06,2011,215
9783213339729,Paper,Horror,Lycosa godeffroyi,Ezequiel Fullman,1942/01/17,1971,1187
9781578777095,Audio,Horror,Gyps fulvus,Carroll Ert,1947/12/24,1998,1477
9787644440232,Paper,Horror,Macropus robustus,Annabal Sprionghall,1921/08/06,2016,471
9786030184565,Paper,Drama,Deroptyus accipitrinus,Roanne Brosi,1942/10/23,1998,1106
9784090775285,Paper,Horror,Corvus albicollis,Dulcinea Taynton,1902/07/12,1965,521
9784670231888,Paper,Romance,Deroptyus accipitrinus,Mandel Bloan,1916/05/23,1967,1123
9784448225297,Paper,Horror,Choriotis kori,Biddie Ebenezer,1938/06/06,2007,79
9785010385910,Paper,Horror,unavailable,Britt Ivchenko,1911/07/27,2000,508
9781555709204,Audio,Horror,Varanus albigularis,Zacharia Patience,1942/12/23,1979,550
9789676943539,Paper,Drama,Cynictis penicillata,Flory Derry,1911/03/18,2006,1478
9789595839501,Paper,Horror,Dacelo novaeguineae,Chan Carleton,1940/07/26,2008,726
9787232044174,Paper,Horror,Castor fiber,Jaquenette Skerrett,1947/06/22,2011,367
9783927772104,Paper,Horror,Macropus rufus,Abbi Domoney,1943/07/05,1991,1485
9780114394266,Audio,Horror,Sterna paradisaea,Johannes Robez,1915/08/14,1982,223
9788829520155,Paper,Horror,Ovis musimon,Milka Mucklo,1921/09/11,2013,1330
9784213941579,Paper,Drama,Ictonyx striatus,Sydney Mars,1900/05/13,1968,1171
9789907845607,Paper,Romance,Crax sp.,Morna Aucott,1933/04/16,1995,669
9785233634665,Paper,Horror,unavailable,Claudine Binyon,1911/12/05,1967,832
9782276315020,Audio,Horror,Buteo galapagoensis,Amil Godding,1925/10/05,1963,1423
9789679609782,Paper,Horror,Hymenolaimus malacorhynchus,Delmar Caunter,1949/12/05,1977,1277
9783982895143,Paper,Horror,Petaurus norfolcensis,Ulysses Burde,1934/09/20,1974,1244
9780695362150,Paper,Drama,Gyps bengalensis,Goldarina Vassie,1902/08/23,1987,989
9784094774961,Audio,Horror,Semnopithecus entellus,Harley Kunzler,1945/04/28,1994,171
9780818346130,Audio,Horror,Uraeginthus bengalus,Goldina Schachter,1925/02/06,1997,1109
9782165846440,Paper,Horror,Tiliqua scincoides,Shurlock Ghiotto,1929/06/12,1968,922
9785458439325,Paper,Horror,Sciurus niger,Kaleena Millson,1934/09/28,1992,1275
9788217709830,Paper,Horror,Fulica cristata,Erich Dingate,1933/12/07,1983,336
9782580754009,Paper,Romance,Redunca redunca,Valene Brundale,1947/08/16,1997,337
9780634536499,Audio,Horror,Oncorhynchus nerka,Mayor Everit,1926/09/26,2017,765
9781550064231,Audio,Horror,Tenrec ecaudatus,Stewart Caudelier,1915/04/11,1995,1261
9784221438641,Paper,Horror,Dendrocitta vagabunda,Florella Sinclar,1929/05/11,1986,1435
9787013784705,Paper,Horror,Globicephala melas,Billy London,1910/04/10,1987,1500
9789426804525,Paper,Horror,Equus burchelli,Nonie Hacquoil,1930/03/06,1969,543
9787071996080,Paper,Drama,Pteronura brasiliensis,Lia Smullen,1941/01/15,2004,834
9784349117627,Paper,Horror,Coluber constrictor,Alric Soppett,1900/05/30,2000,666
9780352166983,Paper,Horror,Paroaria gularis,Carole Parkey,1938/04/03,1983,268
9786555733395,Audio,Horror,Hippopotamus amphibius,Phyllis Luter,1943/10/05,1961,668
9785932185664,Paper,Horror,Semnopithecus entellus,Sharline MacGray,1946/05/27,2008,891
9787317917751,Paper,Romance,Bucephala clangula,Egor McWhinnie,1911/06/21,1995,1333
9780292272722,Paper,Drama,Alligator mississippiensis,Alane Rayhill,1927/12/31,2017,445
9784150483385,Paper,Horror,Neotis denhami,Bertha Southgate,1948/12/23,1995,1375
9783889622310,Paper,Horror,Gazella thompsonii,Kate Marian,1902/12/27,1989,580
9784737106732,Paper,Horror,Cacatua galerita,Lorettalorna McGall,1908/06/04,1977,245
9780606238504,Audio,Horror,Tapirus terrestris,Jillana Andraud,1939/01/24,2007,833
9784673352062,Paper,Horror,Pseudalopex gymnocercus,Johnny Kyte,1926/11/14,1993,76
9788884179769,Paper,Drama,Diomedea irrorata,Rowland Segoe,1926/10/19,1974,1178
9785692343002,Paper,Horror,Dendrocitta vagabunda,Shane Sheilds,1903/03/11,1968,809
9784523704790,Paper,Horror,Cynomys ludovicianus,Dael McAtamney,1914/08/21,2017,1295
9788647436526,Audio,Horror,Arctogalidia trivirgata,Olia Measham,1931/09/26,2015,1197
9782524977406,Paper,Romance,Corythornis cristata,Lindsay Willars,1927/01/28,1975,780
9789320963623,Audio,Horror,Kobus defassa,Madelon Scallon,1931/06/01,1971,572
9788858626556,Paper,Drama,Libellula quadrimaculata,Domini Bradburn,1920/08/02,1964,795
9787566652512,Paper,Horror,Meleagris gallopavo,Kimmi Mallett,1948/10/10,1992,1327
9789401159404,Audio,Horror,Uraeginthus granatina,Alejandrina Filpo,1931/02/02,1960,1323
9781734226970,Paper,Horror,Cebus nigrivittatus,Daryl Delue,1939/05/30,1966,1475
9785155510793,Paper,Horror,Didelphis virginiana,Arlette Hallward,1917/05/26,1969,166
9789306769341,Paper,Horror,Mabuya spilogaster,Annice Kase,1945/02/28,1975,83
9783109213511,Paper,Drama,Tachybaptus ruficollis,Holmes Beddingham,1926/01/13,2002,35
9786259256821,Audio,Horror,Damaliscus dorcas,Malissia Mandel,1922/09/30,1997,644
9788502349849,Paper,Horror,Lasiodora parahybana,Wyatt Doble,1936/02/26,2013,1102
9784235809966,Paper,Romance,Callorhinus ursinus,Uriah Brosio,1923/10/22,2000,91
9782491339165,Paper,Horror,Terrapene carolina,Lucine Dwight,1910/09/21,2005,179
9780943104268,Paper,Horror,Stercorarius longicausus,Chandal Capstick,1925/12/30,1966,1283
9780682202816,Paper,Drama,Butorides striatus,Brigitte Slinger,1902/01/29,1981,705
9785613792460,Audio,Horror,Bettongia penicillata,Sheelah Sartain,1945/03/30,1966,820
9785696166137,Paper,Horror,Mephitis mephitis,Alta Yaakov,1922/05/15,2004,237
9782109953598,Paper,Horror,Cordylus giganteus,Cindie Becarra,1903/04/02,1967,650
9786794996727,Paper,Horror,Capreolus capreolus,Caroline Pipkin,1919/10/25,2005,765
9785808975366,Audio,Horror,Catharacta skua,Peter Allott,1907/04/11,2011,1240
9783435262131,Paper,Drama,Varanus salvator,Ashlin Presnell,1918/01/11,1972,1431
9783726122421,Paper,Horror,Camelus dromedarius,Vail Collinwood,1929/01/28,1976,619
9787362081736,Paper,Romance,Ursus maritimus,Kai Eggleston,1938/03/28,1985,1304
9787625750876,Paper,Horror,Haliaetus leucogaster,Julio Mathen,1912/08/10,1971,630
9781592599225,Audio,Horror,Francolinus coqui,Morton Ducarne,1902/07/07,2005,1321
9788201107895,Paper,Horror,Zenaida asiatica,Justino Feveryear,1940/09/27,2010,776
9789398257609,Paper,Drama,Psophia viridis,Andree Hatley,1945/02/28,1962,1290
9787013566158,Paper,Horror,Centrocercus urophasianus,Ellynn Crispe,1922/02/12,1977,881
9782151070643,Paper,Horror,Casmerodius albus,Stavro McNay,1919/02/14,2012,212
9789377946704,Audio,Horror,Papilio canadensis,Alexis Arnoll,1941/12/13,2002,1229
9785797405481,Paper,Horror,Aegypius occipitalis,Demetris Rodenhurst,1945/11/03,1993,646
9782254234073,Paper,Horror,Funambulus pennati,Ajay Kelberman,1941/07/12,1992,179
9787304275618,Paper,Drama,Butorides striatus,Freddy Andrivot,1935/06/05,1970,171
9787894036483,Paper,Romance,Alces alces,Mel Pheby,1924/04/16,2015,369
9786325962172,Audio,Horror,Erinaceus frontalis,Robina Brady,1930/07/29,1974,1314
9785086742192,Paper,Horror,Alouatta seniculus,Amber Thewlis,1934/04/24,1996,577
9787595757040,Audio,Horror,Balearica pavonina,Leroy Grannell,1933/10/18,2003,253
9780387700543,Paper,Horror,Coluber constrictor,Marcille Baddow,1934/04/07,2000,1307
9783563568919,Paper,Drama,Alopex lagopus,Heriberto Canadas,1917/12/31,1968,583
9781952597030,Audio,Horror,Merops bullockoides,Baldwin O'Glassane,1913/02/23,2016,9
9783372001231,Paper,Horror,Limnocorax flavirostra,Josefa Duprey,1914/09/24,1969,295
9781957206159,Paper,Horror,Varanus salvator,Roch Knapp,1909/01/31,1991,757
9780717210005,Paper,Horror,Corvus brachyrhynchos,Evvie Manuello,1930/06/10,1973,13
9785394480627,Audio,Horror,Cyrtodactylus louisiadensis,Chrysler Shyre,1916/02/01,1989,1250
9781165422634,Paper,Romance,Vanessa indica,Carlie Plaunch,1935/01/19,1973,459
9780571700956,Paper,Horror,Gopherus agassizii,Leupold Delieu,1946/07/25,1981,139
9787806011738,Paper,Horror,Anser anser,Kirsteni Shirtliff,1914/12/03,1988,900
9787034899242,Paper,Horror,Sylvicapra grimma,Gale Blood,1939/02/19,1964,1338
9781278234291,Paper,Horror,Tenrec ecaudatus,Ciro Kennermann,1933/01/14,1961,611
9787441820218,Audio,Horror,Cynictis penicillata,Alisha Very,1918/09/30,1994,1414
9780736487547,Paper,Drama,Isoodon obesulus,Gisele Timms,1922/08/11,1992,102
9785255540087,Paper,Horror,Fulica cristata,Del Mablestone,1936/01/11,2001,164
9786879261625,Paper,Horror,Fratercula corniculata,Frederick Issett,1932/03/23,2013,804
9780104832146,Paper,Horror,Odocoileus hemionus,Nikki Kigelman,1911/12/25,2013,555
9785908676585,Audio,Horror,Libellula quadrimaculata,Robyn Bleakman,1900/09/09,1969,765
9784232729296,Paper,Romance,Spilogale gracilis,Jeth Ackerman,1921/02/05,1994,1487
9788385712762,Paper,Drama,Paraxerus cepapi,Lorin Dalby,1941/07/11,1973,1333
9780941477809,Audio,Horror,Odocoileus hemionus,Marci Filmer,1943/03/10,1983,270
9789035283504,Paper,Horror,Chordeiles minor,Shurwood Nother,1939/10/14,2011,358
9785190321457,Audio,Horror,Papio cynocephalus,Ava Sturdey,1906/09/29,1984,801
9785348382343,Paper,Horror,Chauna torquata,Adriaens Gave,1944/10/21,1978,1189
9787877387130,Paper,Horror,Castor fiber,Mollee McNysche,1907/03/08,2015,1412
9780524361647,Paper,Drama,Sula nebouxii,Ashly Zanazzi,1939/01/21,2013,1072
9782365498747,Paper,Horror,Crotalus cerastes,Ella Petroff,1923/12/16,1961,199
9781396282426,Audio,Horror,Milvago chimachima,Andreas Philbrick,1943/03/31,2012,569
9788550195863,Paper,Horror,Redunca redunca,Quinn Gentzsch,1936/11/09,1995,233
9785826137238,Paper,Romance,Procyon lotor,Shirline Bard,1937/06/16,1978,1206
9782614302555,Paper,Horror,Cygnus buccinator,Jameson Burberow,1923/04/24,1997,1105
9786303998431,Paper,Drama,Leptoptilus dubius,Channa Tomson,1902/06/12,1961,1007
9789400963639,Audio,Horror,Dipodomys deserti,Raquela Jeaneau,1920/10/12,1980,169
9783596084565,Paper,Horror,Felis silvestris lybica,Elly Gonin,1913/10/05,1970,178
9783256794914,Audio,Horror,Threskionis aethiopicus,Carlyn Dulany,1935/02/25,1961,265
9786129175467,Paper,Horror,Vulpes vulpes,Rori Blunn,1901/01/13,1978,728
9786005221818,Paper,Horror,Damaliscus lunatus,Kippie Tombleson,1926/06/26,1990,1247
9785509118705,Paper,Drama,Trichosurus vulpecula,Morten Brigdale,1942/11/23,1972,609
9786282716371,Paper,Horror,Snycerus caffer,Gwenette Wisby,1929/03/20,2012,781
9783595915999,Paper,Horror,Microcebus murinus,Corenda Dannett,1911/04/08,1976,1296
9788549616288,Paper,Romance,Macropus agilis,Heall Selcraig,1919/11/24,1987,1397
9781829269969,Audio,Horror,Psittacula krameri,Jennine Sevin,1946/08/24,1994,950
9784969901508,Audio,Horror,Columba palumbus,Godfrey Maasz,1937/02/20,1996,796
9788782044077,Paper,Drama,Varanus salvator,Sergeant Fruchon,1905/06/27,2000,724
9785793311542,Paper,Horror,Meleagris gallopavo,Martha Priddis,1936/07/25,2011,572
9787938225834,Paper,Horror,Aonyx cinerea,Ardyth Dixsee,1937/03/12,1991,418
9787694427379,Paper,Horror,Macropus fuliginosus,Loella Miskelly,1928/05/26,1993,834
9783990466649,Audio,Horror,unavailable,Rollo Jarville,1938/03/14,1995,1454
9781932029771,Audio,Horror,Varanus komodensis,Ruthy Stannislawski,1927/05/09,1961,502
9782861464902,Paper,Drama,Toxostoma curvirostre,Luther Sember,1912/04/04,1971,1051
9787158759921,Paper,Horror,Plegadis falcinellus,Ranna Hayford,1920/06/24,1971,193
9782247532600,Paper,Romance,Vulpes chama,Janenna Djorevic,1903/02/16,1971,285
9780455995124,Audio,Horror,Arctogalidia trivirgata,Catherine McKinie,1921/03/05,1993,1417
9789968772534,Paper,Horror,Oxybelis fulgidus,Jessika Layson,1926/05/11,1990,874
9786839828924,Paper,Horror,Phalacrocorax niger,Lissi Wark,1943/10/19,2002,389
9787730405391,Paper,Drama,Capreolus capreolus,Coop Archbell,1912/08/09,1961,1299
9782147017952,Paper,Horror,Felis yagouaroundi,Jacquette Reddyhoff,1949/01/24,1997,768
9783733015534,Audio,Horror,Dasypus septemcincus,Elane Rosingdall,1911/04/28,1985,1278
9788650552727,Paper,Horror,Dromaeus novaehollandiae,Jorge Brommage,1913/08/22,1974,275
9787501921154,Paper,Horror,unavailable,Marje Jaan,1934/06/16,1962,541
9781676167789,Paper,Horror,Herpestes javanicus,Vasilis Ainsley,1933/04/21,2013,536
9783399433156,Paper,Drama,Canis aureus,Bordie Moulster,1934/02/15,1988,452
9782346424364,Paper,Romance,Hydrochoerus hydrochaeris,Larry Camblin,1914/04/19,1994,1364
9788463846646,Paper,Horror,Creagrus furcatus,Charlie Trippick,1915/03/30,1982,724
9780011714521,Paper,Horror,Lamprotornis nitens,Jefferson Nelm,1904/05/22,2008,95
9787144710808,Paper,Horror,Felis concolor,Caren Philpott,1902/10/17,2018,922
9786387748449,Paper,Horror,Martes americana,Eliot Rechert,1905/09/26,1967,266
9780841888482,Paper,Drama,Semnopithecus entellus,Twyla Wife,1916/10/24,1995,207
9789059178108,Paper,Horror,Plegadis ridgwayi,Kevon Marco,1930/02/12,1992,1020
9785051958293,Audio,Horror,Genetta genetta,Nancie Morstatt,1920/02/02,1993,985
9784261765642,Paper,Horror,Phascogale tapoatafa,Madeline Levick,1946/10/02,1976,997
9781773207161,Paper,Horror,Macropus robustus,Dorie Brunon,1906/09/23,1987,547
9784913544564,Audio,Horror,Ursus americanus,Marybeth Yelland,1932/05/12,2018,317
9788210966671,Paper,Romance,Cordylus giganteus,Hazel Dovidaitis,1937/04/28,1965,1031
9780161480960,Paper,Horror,Erethizon dorsatum,Patty Seeley,1936/06/09,2013,965
9786129797890,Paper,Horror,Macropus rufus,Sloan Orrow,1948/09/19,1976,51
9788803053869,Audio,Horror,Martes pennanti,Datha Norkutt,1947/09/27,2004,442
9787325633962,Audio,Horror,Agkistrodon piscivorus,Ferdie Bowditch,1948/11/02,1966,1354
9782382008460,Paper,Horror,Buteo regalis,Sandy Shillom,1930/08/17,2007,368
9780407788117,Paper,Drama,Spermophilus parryii,Husein Clements,1941/06/29,2000,354
9781590532604,Paper,Horror,Cynictis penicillata,Babb Fidelus,1902/09/21,2003,1396
9789994590355,Paper,Horror,Sciurus vulgaris,Bunny Wingate,1918/09/13,2009,1031
9787436491626,Audio,Horror,Lycaon pictus,Basia Priver,1904/12/18,2001,23
9783774981117,Audio,Horror,Neotis denhami,Barris Owen,1900/06/28,2005,27
9782329176902,Paper,Romance,Laniarius ferrugineus,Belita Brewitt,1920/08/27,2016,1306
9788790636116,Paper,Drama,Phoenicopterus chilensis,Terrie Surmon,1910/10/10,1986,1254
9784348653492,Paper,Horror,Larus fuliginosus,Goober Bursell,1930/05/11,1969,494
9785267934776,Audio,Horror,Haematopus ater,Romona Gerrels,1949/11/22,1994,90
9780371221968,Paper,Horror,Ovis canadensis,Donnie Scrimshire,1924/03/16,1982,281
9787255050760,Paper,Horror,Anas platyrhynchos,Gregg Laurenz,1947/02/15,1982,642
9780945728481,Audio,Horror,Anas bahamensis,Theodosia Elfe,1918/06/22,2017,167
9786146012787,Paper,Drama,Felis pardalis,Nonah Cardall,1936/01/30,1960,1428
9783204339816,Audio,Horror,Lycosa godeffroyi,Orton Kemetz,1935/04/25,2010,427
9785485938529,Paper,Horror,Gymnorhina tibicen,Abel Blackaller,1931/10/27,2012,209
9780961349373,Paper,Horror,Varanus albigularis,Catherine Witter,1927/10/19,1961,1131
9781594917769,Paper,Romance,Chelodina longicollis,Courtney Scurr,1932/05/04,2004,1296
9788565091724,Paper,Horror,Phoca vitulina,Kurt Benck,1930/07/28,1978,395
9787794279916,Paper,Drama,Alopex lagopus,Ediva Kubas,1925/08/23,2011,339
9788399754113,Paper,Horror,Paradoxurus hermaphroditus,Caleb Coppin,1917/11/12,2001,18
9789098982842,Paper,Horror,Ara chloroptera,Bettine Selliman,1913/07/26,2016,1094
9783956142341,Paper,Horror,Rhabdomys pumilio,Edgar Rewan,1949/11/19,1976,748
9781389277564,Paper,Horror,Pseudoleistes virescens,Ceil McTrustey,1925/10/02,1998,438
9781781097496,Audio,Horror,Varanus sp.,Rorke Norquay,1914/02/09,2012,868
9781327406760,Paper,Drama,Amphibolurus barbatus,Corry Silversmidt,1908/03/25,1977,265
9782241382949,Audio,Horror,Cereopsis novaehollandiae,Benji Raithbie,1916/10/09,1975,793
9787189889562,Paper,Horror,Felis caracal,Melinde Lorans,1928/10/30,2010,349
9786376897639,Paper,Romance,Ciconia ciconia,Jennica Goskar,1918/03/03,1960,1281
9787473046162,Audio,Horror,Tiliqua scincoides,Liliane Cirlos,1915/08/01,2007,1320
9782791297528,Paper,Horror,Struthio camelus,Patricia Lauchlan,1919/07/14,2007,429
9786885197396,Paper,Drama,Prionace glauca,Nesta Guppy,1930/05/18,2007,137
9788072063563,Paper,Horror,Papio cynocephalus,Lowe Cawkill,1909/02/26,1963,171
9783238265218,Audio,Horror,Eubalaena australis,Guenevere Yegorchenkov,1929/06/22,2012,1428
9784997343409,Audio,Horror,Calyptorhynchus magnificus,Samuel Omand,1926/03/08,1964,1427
9786622994382,Paper,Horror,Diomedea irrorata,Lydia Quest,1934/08/24,1964,822
9784852933671,Paper,Horror,Oryx gazella,Lenard Secrett,1931/09/04,1989,1263
9789188825219,Paper,Drama,Grus canadensis,Julieta McRae,1933/12/14,1992,953
9786924710451,Paper,Horror,Acrantophis madagascariensis,Aylmar Alejandri,1908/08/05,1991,609
9781783249591,Paper,Romance,Canis aureus,Estella Fretwell,1913/03/20,1969,1460
9787628067432,Audio,Horror,Ardea cinerea,Easter D'Arrigo,1943/01/28,2009,928
9785499207608,Paper,Horror,Melanerpes erythrocephalus,Rorie Lukovic,1949/08/11,2016,1010
9783144527398,Paper,Horror,Acridotheres tristis,Nowell Howel,1948/06/24,1969,39
9781353990170,Paper,Drama,Phacochoerus aethiopus,Bord Anetts,1941/12/15,2008,1109
9787163253971,Audio,Horror,Corvus brachyrhynchos,Denna Brilon,1900/02/06,1977,280
9789760200451,Paper,Horror,Uraeginthus granatina,Seana Goreway,1914/09/03,1998,1440
9781066343527,Paper,Horror,Meleagris gallopavo,Burg Gorries,1938/01/22,2004,201
9786597746916,Audio,Horror,Tachybaptus ruficollis,Ad Alecock,1912/10/21,1976,388
9789518926291,Paper,Horror,Spermophilus tridecemlineatus,Stephana Ulyat,1933/04/29,2001,616
9787949732786,Paper,Drama,Plegadis falcinellus,Maia Coolican,1947/10/30,1964,1000
9782027742059,Paper,Romance,Echimys chrysurus,Maia Rollings,1934/08/10,2009,1350
9787298326421,Paper,Horror,Castor canadensis,Brennan Ades,1935/05/10,2008,1402
9781312097449,Paper,Horror,Nasua nasua,Ludvig Jozwicki,1946/05/19,1998,929
9786355255962,Paper,Horror,Epicrates cenchria maurus,Avis Eagland,1926/06/30,1964,1179
9780958946156,Audio,Horror,Marmota monax,Edd Bortolomei,1914/06/19,2017,985
9782214630609,Paper,Drama,Spheniscus mendiculus,Elias Harraway,1909/10/13,1992,1208
9787337976394,Paper,Horror,Terrapene carolina,Cathleen Brewis,1939/02/27,1999,1463
9782822231745,Paper,Horror,Vombatus ursinus,Myrta Loseke,1908/10/08,1975,680
9784240664224,Paper,Horror,Cynictis penicillata,Amata Christaeas,1919/03/24,1973,897
9780841407585,Audio,Horror,Heloderma horridum,Dulcinea Possell,1941/06/02,2001,1353
9788582529951,Paper,Horror,Myotis lucifugus,Sylvan Norcross,1932/12/05,1989,1284
9780915427034,Paper,Romance,Castor fiber,Teddi Spawforth,1900/02/15,2005,1081
9787586830703,Paper,Horror,Parus atricapillus,Melonie Vargas,1906/03/18,1977,762
9782825430653,Paper,Horror,Myrmecobius fasciatus,Arlinda Bovingdon,1932/05/05,1981,634
9783078575018,Audio,Horror,Bubo virginianus,Ginevra Woodruffe,1927/03/22,2017,291
9786580833135,Paper,Horror,Vulpes vulpes,Cherilynn Quarrell,1916/12/04,1989,99
9789049163249,Paper,Horror,Spizaetus coronatus,Willis Izakov,1905/04/21,1971,1308
9783501623218,Paper,Drama,Equus burchelli,Welch Conichie,1924/02/02,2018,142
9787686026877,Audio,Horror,Neotis denhami,Nikolaos Donizeau,1915/12/24,1975,956
9783838009388,Audio,Horror,Columba palumbus,Mitch Perllman,1944/02/11,1981,892
9784834223745,Paper,Horror,Oncorhynchus nerka,Upton Embury,1907/09/14,1995,1436
9784582694916,Paper,Horror,Eumetopias jubatus,Maren Demicoli,1912/07/05,2017,372
9785241535343,Paper,Romance,Castor canadensis,Lorilee Cloy,1949/11/17,1993,993
9786176036293,Paper,Drama,Microcebus murinus,Maisey Backshaw,1907/10/01,1986,1428
9786592687765,Audio,Horror,Pseudocheirus peregrinus,Stearne Di Bernardo,1934/03/21,2014,74
9781244527690,Audio,Horror,Ninox superciliaris,Hali Tommen,1942/12/27,1975,1034
9784196391174,Paper,Horror,Thamnolaea cinnmomeiventris,Kleon Calender,1937/07/13,2001,1151
9780830644191,Paper,Horror,Anhinga rufa,Jeanne Matas,1921/05/07,2009,1032
9787996564450,Paper,Horror,Damaliscus dorcas,Tedmund Blaydes,1924/08/16,1969,356
9781001882161,Paper,Drama,Rangifer tarandus,Barnebas Aldwinckle,1926/11/22,2010,472
9788847136847,Paper,Horror,Vanellus sp.,Deina Alenichicov,1945/02/10,1986,1230
9782095552409,Paper,Horror,Anser caerulescens,Aridatha Storm,1939/02/22,1969,1348
9789741609964,Audio,Horror,Larus sp.,Randee Mosley,1910/10/18,1974,195
9789764207712,Paper,Romance,Ciconia episcopus,Wilie Trousdell,1924/05/07,2010,715
9780927419906,Audio,Horror,Bucorvus leadbeateri,Leola Fishbourne,1918/06/26,1992,21
9782173068302,Paper,Drama,Butorides striatus,Jarad Paullin,1925/12/19,1981,554
9786817723943,Paper,Horror,Phalaropus lobatus,Catharina St. Pierre,1922/09/16,1972,284
9786637910896,Paper,Horror,Ardea golieth,Clarence Ferry,1944/09/30,2008,96
9783111339191,Paper,Horror,Phalacrocorax niger,Humfrid Jakovijevic,1923/02/15,1999,384
9789348887310,Audio,Horror,Neotis denhami,Hanni Heckner,1937/06/20,1960,707
9782911135043,Paper,Horror,Alligator mississippiensis,Sonny Gayter,1900/05/06,2015,996
9782337462463,Paper,Drama,Falco mexicanus,Delora Mularkey,1917/05/05,1989,1146
9783626122188,Paper,Horror,Crotalus cerastes,Idell Ingraham,1930/02/14,1979,685
9782901966128,Paper,Horror,Ursus americanus,Vasili Kirkwood,1949/01/05,1989,771
9785304947130,Paper,Romance,Vulpes chama,Vassili Woodage,1926/11/06,1979,443
9786359838819,Paper,Horror,Chelodina longicollis,Beverie Horlick,1935/07/02,2001,122
9785032203348,Audio,Horror,Zosterops pallidus,Carmen Orford,1925/08/18,2003,1153
9780423885857,Paper,Drama,Vanessa indica,Brinn Le Fleming,1915/10/08,1981,432
9786996526116,Paper,Horror,Aegypius tracheliotus,Artemis Jentet,1910/07/13,1983,101
9782702809313,Audio,Horror,Odocoilenaus virginianus,Darrin Smalls,1926/09/09,1998,1133
9786032883952,Paper,Horror,Macropus rufus,Emanuel Ingray,1947/12/31,1992,1474
9784934640637,Paper,Horror,Catharacta skua,Hanny Larway,1936/09/01,2004,193
9784868430370,Paper,Horror,Dusicyon thous,Silvanus Fosher,1905/08/27,1994,1018
9783530584517,Paper,Drama,Corvus albicollis,Aleda Bowstead,1924/12/01,1977,652
9781729201080,Audio,Horror,unavailable,Flori Sisey,1902/11/02,1998,610
9787755100084,Paper,Romance,Haliaetus vocifer,Willyt Frame,1907/01/14,1978,1331
9788147995059,Paper,Horror,Tachybaptus ruficollis,Jervis Farnfield,1918/12/15,1974,468
9788084026624,Paper,Horror,Equus burchelli,Normy Mudie,1931/05/26,1966,14
9787065601627,Paper,Horror,Nasua nasua,Rosalie Cottle,1905/06/20,1971,279
9784561312115,Paper,Drama,Phascogale tapoatafa,Hestia Backen,1907/03/08,2007,938
9788038865254,Audio,Horror,Phoenicopterus ruber,Myrvyn Shemmans,1938/08/04,1999,1198
9785411424336,Paper,Horror,Buteo galapagoensis,Abran Gamlyn,1929/01/08,1985,274
9789900212690,Paper,Horror,Aepyceros mylampus,Leonelle Sitch,1936/01/19,2010,760
9789418165063,Paper,Horror,Melursus ursinus,Drusi Craise,1933/11/05,1979,1323
9783113950627,Audio,Horror,Pavo cristatus,Isaak Wickey,1932/04/08,1996,1306
9784974266224,Paper,Drama,Lepilemur rufescens,Tani Ondrousek,1912/11/12,1999,686
9782536503695,Paper,Romance,Salvadora hexalepis,Caldwell Lutwyche,1922/01/24,2012,534
9783824196186,Audio,Horror,Herpestes javanicus,Wendall Burdass,1941/02/28,1984,304
9780491986190,Paper,Horror,Bassariscus astutus,Dido Robyns,1927/06/08,2015,1238
9787030915388,Audio,Horror,Phoenicopterus ruber,Theressa Blincow,1900/10/17,2004,85
9784822022143,Paper,Horror,Felis serval,Charo Craythorn,1914/02/16,2004,93
9788886459552,Paper,Drama,Semnopithecus entellus,Elly Zucker,1926/07/20,2006,703
9788121017680,Paper,Horror,Epicrates cenchria maurus,Abey Piggen,1913/08/14,1961,1473
9783053599210,Paper,Horror,Uraeginthus granatina,Nikolai Pennoni,1946/10/22,2013,768
9783736514935,Audio,Horror,Ardea cinerea,Reginauld Kleinstern,1910/07/09,1964,758
9788960876102,Paper,Horror,Phalacrocorax niger,Feliza Prescott,1904/01/31,1988,1394
9781170093753,Paper,Horror,Canis mesomelas,Dionisio Bartzen,1937/08/31,1971,1260
9788342101695,Paper,Romance,Didelphis virginiana,Worthy Mott,1905/06/17,1967,177
9782838688998,Paper,Horror,Laniaurius atrococcineus,Dayle Jarry,1947/08/23,1998,1389
9785814019464,Audio,Horror,Vanessa indica,Trip Lowde,1944/12/22,1974,452
9786698075658,Paper,Horror,Creagrus furcatus,Gaultiero Bragge,1930/08/29,2014,163
9788830803104,Audio,Horror,Hippotragus equinus,Krispin Poplee,1935/12/06,1981,53
9783808835518,Paper,Horror,Phalacrocorax carbo,Frederica Londing,1905/08/04,1998,1221
9788478798954,Paper,Drama,Ardea cinerea,Agathe Allans,1922/11/23,1978,293
9782829774437,Audio,Horror,Dasyurus viverrinus,Pammi Harron,1944/07/02,1963,623
9788043813557,Paper,Horror,Paraxerus cepapi,Monti Poolman,1917/07/03,1984,1296
9787164976182,Paper,Horror,Cebus nigrivittatus,Cathrin Wooderson,1937/04/21,1989,797
9786561132697,Paper,Horror,Notechis semmiannulatus,Bertha Fendlen,1942/02/02,1985,948
9780771324152,Paper,Romance,Neotoma sp.,Andrei MacFie,1940/09/02,1971,953
9783723253232,Paper,Drama,Ateles paniscus,Demetri Oattes,1946/06/11,1970,14
9785244458667,Paper,Horror,Neophron percnopterus,Janessa Pinnion,1907/02/12,1970,867
9784945955068,Paper,Horror,Zosterops pallidus,Shandee Randall,1926/04/26,1987,863
9784407785469,Paper,Horror,Vicugna vicugna,Chiquita Swanborough,1906/04/18,1996,105
9781642464449,Paper,Horror,Mycteria ibis,Kerwin Karlolczak,1920/07/01,1964,1059
9783875637587,Audio,Horror,Phaethon aethereus,Sigfrid Hissett,1901/09/28,1972,234
9788613283229,Paper,Drama,Gabianus pacificus,Isabeau Baugh,1903/03/01,1966,1287
9784021901901,Paper,Horror,Tapirus terrestris,Franciska Catherine,1909/04/28,2003,1067
9782354901462,Paper,Horror,Leipoa ocellata,Osgood Gilvear,1913/04/07,1961,889
9783299618787,Paper,Horror,Ovis ammon,Luz Wilbore,1903/03/20,2005,394
9788883126517,Paper,Romance,Gyps bengalensis,Diana Delue,1905/07/29,1966,876
9785394904269,Paper,Horror,Acrantophis madagascariensis,Cyndia Luard,1918/02/11,1988,165
9781010680553,Paper,Drama,Pelecans onocratalus,Sadye Ghione,1942/11/06,2000,126
9784364419415,Audio,Horror,Fratercula corniculata,Carlynne Hulse,1948/04/01,1981,1066
9787720918491,Paper,Horror,Callipepla gambelii,Marcellus Hammer,1911/05/03,1981,1497
9783002857321,Audio,Horror,Funambulus pennati,Carolin Kubczak,1901/03/29,1975,1364
9781486467658,Paper,Horror,Canis latrans,Sabina Greenhall,1921/12/15,1963,1062
9780782373683,Paper,Horror,Boa constrictor mexicana,Alvan Shapero,1918/02/15,2007,1040
9787372023138,Paper,Drama,Crotalus cerastes,Ross Nockolds,1911/06/10,1975,575
9782831910797,Paper,Horror,Felis silvestris lybica,Shannon Robillard,1912/02/21,1962,617
9784497762310,Audio,Horror,Marmota caligata,Curcio Rickards,1937/03/01,2014,705
9789729284779,Paper,Romance,Libellula quadrimaculata,Harley Iczokvitz,1935/02/14,2012,97
9786620183343,Paper,Horror,Choloepus hoffmani,Agata Moline,1922/04/14,1994,442
9781378881139,Paper,Horror,Eunectes sp.,Evelin Laborda,1931/02/22,1996,1110
9784079946560,Paper,Drama,Alopochen aegyptiacus,Rosaline Medford,1912/01/06,1969,1417
9783129806258,Audio,Horror,Semnopithecus entellus,Sherm Levermore,1919/02/25,2001,635
9787741802757,Paper,Horror,Mirounga leonina,Maiga Lowton,1942/08/18,1970,146
9785723320575,Audio,Horror,Sula nebouxii,Kipp Langhorn,1922/09/08,1989,627
9780341762947,Paper,Horror,Bucephala clangula,Merrily Stephens,1936/03/18,2017,1260
9783375759434,Paper,Horror,Dasypus novemcinctus,Korella Ghidotti,1912/05/06,1987,1486
9788924939921,Paper,Drama,Oreamnos americanus,Velvet Whether,1946/09/18,1970,1185
9785255529868,Paper,Horror,Morelia spilotes variegata,Lurette Farbrother,1919/12/18,2004,1321
9785851307164,Paper,Romance,Chamaelo sp.,Ado Piggen,1929/01/04,2005,933
9781244281658,Paper,Horror,Ara chloroptera,Robby Patron,1908/10/02,2004,112
9782015755494,Audio,Horror,Pavo cristatus,Viola Fidgeon,1913/09/12,2010,1465
9789536583332,Audio,Horror,Microcebus murinus,Nancy Sporle,1911/05/22,1998,375
9782702037285,Paper,Drama,Dasyurus viverrinus,Mellicent Dalgarno,1907/05/03,1981,696
9782011676515,Paper,Horror,Perameles nasuta,Pennie Musselwhite,1912/06/14,2004,836
9787202767931,Paper,Horror,Spermophilus parryii,Hi Tremethack,1906/09/04,1994,1452
9785538145305,Paper,Horror,Ovis orientalis,Beatrix De Ambrosi,1908/09/27,1984,1451
9781526254739,Audio,Horror,Paradoxurus hermaphroditus,Roxane Kiera,1910/11/30,1965,494
9784318356085,Audio,Horror,Coluber constrictor foxii,Tabbie Balsdon,1907/12/01,2006,1258
9780268852965,Paper,Drama,Paraxerus cepapi,Hyacinthie Older,1921/11/24,2011,1404
9780680756730,Paper,Romance,Lemur catta,Marcelle Napper,1913/09/28,2008,46
9784026478514,Paper,Horror,Ceratotherium simum,Freddy Robbings,1904/01/25,1962,789
9788520845450,Audio,Horror,Macaca mulatta,Issi Chappelow,1948/02/06,1976,701
9787693002225,Paper,Horror,Hystrix cristata,Byram Weldrick,1923/05/15,1977,811
9780723847857,Paper,Horror,Junonia genoveua,Darlleen Meus,1900/01/05,2009,414
9785384281733,Paper,Drama,Bos mutus,Drusi Wellman,1904/06/18,1982,824
9785818849977,Paper,Horror,Felis concolor,Codie Manclark,1930/08/24,1962,787
9782751857906,Audio,Horror,Sylvicapra grimma,Samara Shadfourth,1940/09/03,1973,935
9784246895823,Paper,Horror,Phascogale calura,Rodolfo Thunderchief,1917/11/30,1971,1312
9784247805803,Paper,Horror,Grus antigone,Bambi Darwin,1916/04/06,1995,859
9781438706718,Paper,Horror,Macropus fuliginosus,Tallie Crocetti,1946/10/26,1974,1272
9787911649775,Paper,Romance,Felis caracal,Ramona O'Hannen,1902/10/27,1989,943
9788532730214,Audio,Horror,Heloderma horridum,Rea Taffurelli,1929/06/05,1986,551
9784694799243,Paper,Horror,Recurvirostra avosetta,Beatrix Slayny,1914/11/17,1961,171
9785851984688,Paper,Horror,Thamnolaea cinnmomeiventris,Datha Zupa,1946/08/18,2004,1196
9780522449690,Paper,Horror,Sylvicapra grimma,Tammi Merrigans,1905/02/11,1998,1204
9786288792172,Paper,Horror,Canis mesomelas,Karilynn Janz,1912/09/30,1966,680
9789119137831,Paper,Drama,Geococcyx californianus,Riki Lissaman,1904/02/14,1986,653
9783563677918,Paper,Horror,Gyps bengalensis,Codee Jandera,1928/11/27,2010,295
9788713766110,Audio,Horror,Pycnonotus nigricans,Bartolomeo Danaher,1904/04/04,2003,307
9783803506713,Paper,Horror,Marmota flaviventris,Clarance Acuna,1904/10/23,1980,1097
9788177732199,Paper,Horror,Varanus salvator,Hildegarde Ottewill,1913/06/12,1976,281
9786616879828,Paper,Romance,Lutra canadensis,Sergei Mougeot,1900/10/13,1977,1337
9787344614359,Paper,Drama,Genetta genetta,Luise Rugge,1947/07/20,1976,1066
9789404092075,Paper,Horror,Felis concolor,Corissa Sykes,1906/03/23,1966,57
9784647336594,Paper,Horror,Boa caninus,Tilda Jakes,1911/09/14,1995,614
9784643456592,Audio,Horror,Philetairus socius,Dory Ronayne,1903/03/27,1998,1122
9785151350440,Audio,Horror,Alcelaphus buselaphus cokii,Erich Kays,1904/08/07,1965,1027
9781523847171,Paper,Horror,Anthropoides paradisea,Belinda Kyd,1916/10/11,1999,1453
9786662456610,Paper,Drama,Pteropus rufus,Ingemar Moquin,1945/01/21,1986,340
9785535565816,Paper,Horror,Chauna torquata,Angy Woodier,1942/12/19,1964,1103
9780551332996,Paper,Horror,Tamiasciurus hudsonicus,Shantee Kristiansen,1913/05/12,1967,769
9780747798532,Audio,Horror,Panthera pardus,Napoleon Darch,1936/06/29,1965,845
9788235172172,Paper,Romance,Lorythaixoides concolor,Asher Le Merchant,1935/08/29,1997,581
9786296958957,Paper,Horror,Cynictis penicillata,Sammie Aronow,1915/04/05,1994,1407
9788364527914,Paper,Drama,Falco peregrinus,Jehu Dibnah,1949/09/09,2011,1029
9785394975023,Paper,Horror,Rhea americana,Tod Rallinshaw,1932/05/02,1963,712
9782363269376,Audio,Horror,Acrobates pygmaeus,Sharon Cordero,1908/09/14,1996,395
9786218989171,Paper,Horror,Varanus salvator,Dicky Osment,1906/12/24,1972,1396
9780108894526,Paper,Horror,Dipodomys deserti,Ashbey Akeherst,1942/09/20,1970,489
9781692553124,Audio,Horror,Cracticus nigroagularis,Adriaens Burtonwood,1930/01/24,1992,332
9783377879973,Paper,Drama,Lycosa godeffroyi,Joyann Cartwright,1943/11/27,1969,186
9789220587961,Audio,Horror,Theropithecus gelada,Joby Salter,1946/10/01,2012,346
9784795788510,Paper,Horror,Galictis vittata,Shepard Alekseicik,1921/05/16,1973,56
9780154212054,Paper,Romance,Zenaida galapagoensis,Rustie Norcop,1920/11/02,1960,581
9781687424055,Paper,Horror,Struthio camelus,Twyla Birdall,1907/04/21,2007,758
9784281729324,Paper,Horror,Felis caracal,Esmaria Crack,1948/03/14,1997,192
9789887261448,Paper,Drama,Varanus albigularis,Kassey Leighton,1936/03/06,2000,761
9780221905827,Paper,Horror,Bassariscus astutus,Illa Wittier,1928/12/03,1977,20
9786297735152,Paper,Horror,Irania gutteralis,Corney Slegg,1924/01/27,2012,973
9782579369115,Paper,Horror,Alcelaphus buselaphus cokii,Britta Earle,1927/04/17,1963,1197
9785785827929,Paper,Horror,Bucephala clangula,Shadow Patridge,1921/02/18,1977,312
9787314825928,Audio,Horror,Axis axis,Wyatan Redhouse,1908/10/06,1980,1198
9788158175754,Paper,Drama,Eunectes sp.,Cherlyn Ausher,1936/02/07,1964,755
9788825449618,Audio,Horror,Ardea cinerea,Chrystal Eldin,1913/12/13,1996,332
9783708844444,Paper,Romance,Choloepus hoffmani,Tait Ballintime,1931/02/15,1965,421
9780933418196,Paper,Horror,Phascolarctos cinereus,Aleda Kilpatrick,1928/05/30,2005,1383
9781127017101,Audio,Horror,Panthera tigris,Warner Athey,1937/06/21,1960,1286
9787387318182,Paper,Horror,Eolophus roseicapillus,Betsy Rattery,1933/12/24,1963,385
9785628587620,Paper,Drama,Cebus albifrons,Vern Muzzullo,1915/02/04,2012,1170
9780568571343,Paper,Horror,Pseudocheirus peregrinus,Elsy Harcus,1919/02/02,2013,916
9785149471618,Audio,Horror,Nyctea scandiaca,Diarmid Brimming,1907/01/22,1985,1377
9781708931145,Audio,Horror,Chauna torquata,Ceciley Wasiel,1935/09/26,1994,1122
9787926420244,Paper,Horror,Laniarius ferrugineus,Christalle Popescu,1928/03/18,1982,1379
9781803008107,Paper,Horror,Bassariscus astutus,Clifford Izak,1911/03/04,1997,360
9785402740701,Paper,Drama,Felis serval,Rozamond Stapforth,1901/08/18,1986,86
9783021730113,Paper,Romance,Alcelaphus buselaphus cokii,Clare Huddle,1941/08/26,1980,1394
9789378993251,Audio,Horror,Diceros bicornis,Lexi Dumphry,1918/07/09,1960,1188
9786256030909,Audio,Horror,Semnopithecus entellus,Dasha Cuer,1944/12/02,2006,1032
9781744136087,Paper,Horror,Ovibos moschatus,Langsdon Wooton,1934/05/20,1989,334
9780085658547,Paper,Horror,Lemur fulvus,Mackenzie Daffey,1901/02/04,1977,182
9789867289470,Paper,Drama,Alligator mississippiensis,Mario Fitchett,1934/05/30,2007,634
9784315877628,Audio,Horror,Cygnus atratus,Livia Sabbins,1935/04/14,2004,1205
9787148527846,Paper,Horror,Cordylus giganteus,Haleigh Northill,1902/12/18,1970,1450
9784945235663,Paper,Horror,Rangifer tarandus,Che Wisby,1913/06/10,2012,568
9788620742738,Audio,Horror,Macropus agilis,Jude Ebbutt,1916/09/24,1981,14
9782200429891,Paper,Horror,unavailable,Darby Ubee,1943/12/06,1960,1172
9786569055903,Paper,Romance,Perameles nasuta,Claretta Schultze,1910/05/19,1991,871
9781230336755,Paper,Horror,Choloepus hoffmani,Jessika Eyre,1933/08/27,1973,309
9786316930373,Paper,Horror,Actophilornis africanus,Abner Brockelsby,1912/07/10,1987,847
9784746482614,Paper,Horror,Taxidea taxus,Jilli Vaggs,1942/10/03,2002,1060
9786185829818,Paper,Horror,Callipepla gambelii,Hazlett Paddle,1925/01/30,1980,832
9783718408140,Audio,Horror,Mycteria leucocephala,Fionnula Handford,1924/10/12,1992,1129
9780832629140,Paper,Drama,Diomedea irrorata,Devin Gorke,1922/07/16,1968,186
9782677460790,Paper,Horror,Cochlearius cochlearius,Binni Goeff,1921/09/24,1987,586
9785556011709,Paper,Horror,Iguana iguana,Lefty Kocher,1922/12/31,2003,279
9786188500550,Paper,Horror,Bucorvus leadbeateri,Brynn Dockerty,1901/06/17,1987,85
9782918427979,Audio,Horror,Marmota monax,Christos Boddy,1940/05/22,1996,873
9788385979293,Paper,Romance,Nasua narica,Sibel Di Frisco,1944/08/24,1960,1203
9782376632852,Paper,Drama,Bucorvus leadbeateri,Jan Klimowski,1919/01/05,2004,475
9780883038034,Paper,Horror,Axis axis,Burtie Gunningham,1944/08/12,2002,121
9785956940596,Paper,Horror,Spheniscus mendiculus,Leon FitzGeorge,1928/10/30,1996,1153
9782613175582,Audio,Horror,Acrantophis madagascariensis,Brooks Killingworth,1925/01/16,1993,423
9783202177605,Paper,Horror,Dendrocitta vagabunda,Charin Chatell,1936/09/17,1982,730
9781911969475,Paper,Horror,Kobus defassa,Melisent Chippindall,1906/04/30,2005,326
9788216999147,Paper,Drama,Phoeniconaias minor,Vittoria Langton,1925/08/07,1984,673
9780857080262,Audio,Horror,Vanellus chilensis,Bettina Malkin,1915/01/16,1984,1497
9788420423912,Audio,Horror,Chloephaga melanoptera,Florinda Tudbald,1948/07/16,2011,831
9787278067160,Paper,Horror,Felis silvestris lybica,Avictor Petrie,1900/07/06,1962,1062
9787858841500,Paper,Romance,Aepyceros mylampus,Gael Humphery,1936/07/02,2004,231
9787780391980,Paper,Horror,Kobus defassa,Shelbi Pearson,1924/10/09,1970,15
9788712976026,Paper,Drama,Nasua narica,Nan Iorizzo,1942/05/20,1995,517
9788055231352,Audio,Horror,Macropus rufogriseus,Noby Riediger,1920/07/22,1985,913
9787769869858,Audio,Horror,Terathopius ecaudatus,Teodor Norquoy,1906/12/19,1968,830
9788630681684,Paper,Horror,Macaca radiata,Roscoe Saines,1912/07/09,2012,1134
9782939821745,Paper,Horror,Sylvicapra grimma,Evin Croser,1941/09/14,1968,641
9783640336773,Paper,Horror,Columba palumbus,Rossy Glewe,1917/08/30,1980,566
9781251762241,Paper,Drama,Odocoilenaus virginianus,Lyn Collister,1920/07/02,2018,860
9785003033492,Paper,Horror,Xerus sp.,Brion Ghilardi,1932/04/21,1996,649
9784289958439,Paper,Horror,Cacatua tenuirostris,Ashley Carlill,1929/11/12,1993,545
9787647830636,Paper,Romance,Varanus salvator,Shannan Kneal,1922/03/08,1970,659
9789424021089,Paper,Horror,Dusicyon thous,Dulcy Peever,1916/03/30,1986,244
9785486885886,Audio,Horror,Crotalus triseriatus,Wakefield Zorzi,1921/03/25,1983,875
9781737209672,Paper,Drama,Larus dominicanus,Lyndy Morten,1934/09/09,1998,1384
9780878189158,Paper,Horror,Mephitis mephitis,Reynold Howcroft,1907/05/06,1973,1394
9782741427272,Paper,Horror,Chionis alba,Erhart Denny,1944/07/09,2013,612
9786050404937,Paper,Horror,Manouria emys,Konrad Elderbrant,1921/09/19,1970,693
9789601525924,Audio,Horror,Pavo cristatus,Thia Dolman,1931/04/01,1995,1379
9782055270166,Paper,Horror,Ctenophorus ornatus,Rosaline Spurman,1946/04/26,2013,508
9780678936135,Paper,Drama,Philetairus socius,Stan Balfe,1920/11/13,1995,1296
9781995133968,Paper,Horror,Crotalus cerastes,Pascal Twaite,1921/04/13,1984,1402
9787211593559,Paper,Romance,Pseudoleistes virescens,Geraldine Skahill,1936/07/07,1975,262
9782185842299,Audio,Horror,Spermophilus armatus,Reinhold Bruckenthal,1919/01/19,1973,1367
9789232166735,Paper,Horror,Felis yagouaroundi,Joete Snoad,1908/10/06,1992,68
9788312696787,Audio,Horror,Physignathus cocincinus,Darb Rotge,1932/11/11,2000,1105
9781332934214,Paper,Drama,Agama sp.,Tobin Sevitt,1908/01/19,1983,584
9786392142982,Paper,Horror,Ratufa indica,Garold Damsell,1936/10/29,1995,919
9781327523505,Audio,Horror,Lemur catta,Rayna Binner,1940/06/15,1988,427
9789078516675,Paper,Horror,Crocodylus niloticus,Henrieta Bonsall,1940/06/19,2017,549
9785214265353,Paper,Horror,Ovis canadensis,Abbot Salvadore,1932/11/18,1997,945
9780162623354,Paper,Horror,Pelecanus occidentalis,Bennie Donegan,1930/03/19,2006,234
9785110816828,Paper,Drama,Acinynox jubatus,Jules Mallall,1901/09/23,1994,1161
9787231050777,Paper,Romance,Priodontes maximus,Devan Ifill,1948/01/20,2008,762
9788904121407,Paper,Horror,Uraeginthus granatina,Corene Kiloh,1908/01/31,1978,831
9781677298133,Paper,Horror,Bison bison,Carmita MacTrustram,1941/08/10,2003,1032
9787698507749,Paper,Horror,Otaria flavescens,Hazel Saxby,1922/08/23,1968,156
9787213912749,Paper,Horror,Francolinus coqui,Ambrosius Armer,1901/10/14,1978,1048
9789880521681,Paper,Drama,Streptopelia decipiens,Rebbecca Priver,1918/07/31,1999,1463
9781242929391,Audio,Horror,Capra ibex,Allison Pollak,1937/10/17,1987,751
9788342280786,Paper,Horror,Neophron percnopterus,Emmery Rehor,1931/04/28,1979,907
9789626420200,Paper,Horror,Streptopelia senegalensis,Sinclair Broadstock,1916/10/09,2012,316
9789445994787,Paper,Horror,Acrobates pygmaeus,Shane McGrann,1916/02/27,1978,992
9786079086567,Audio,Horror,Corvus brachyrhynchos,Burke Gossage,1943/01/16,1998,730
9789715317077,Paper,Romance,Lybius torquatus,Pavlov Vasyagin,1944/07/13,1998,1285
9782150001202,Paper,Horror,Boa caninus,Kerry McLelland,1923/02/15,2017,660
9783833906260,Audio,Horror,Phoeniconaias minor,Katina Honatsch,1928/01/08,2015,1498
9780118995094,Paper,Horror,Connochaetus taurinus,Roxine Jewel,1925/04/01,1993,11
9787851765045,Audio,Horror,Genetta genetta,Jacqueline Heintzsch,1921/03/16,2003,384
9781183590719,Paper,Horror,Sylvicapra grimma,Aloin Edmondson,1904/04/27,1974,1465
9786754352680,Paper,Drama,Choloepus hoffmani,Daveta Scandred,1945/09/07,1970,615
9786055405133,Paper,Horror,Ovis dalli stonei,Mayer Woliter,1922/12/11,1960,652
9789682542305,Paper,Horror,Phoenicopterus chilensis,Simonne Satterly,1933/08/18,1986,841
9780340881087,Audio,Horror,Tapirus terrestris,Morgun Sleep,1936/08/05,1978,622
9783152952425,Paper,Horror,Myrmecobius fasciatus,Staffard O'Loughnan,1906/02/22,2016,708
9787865168931,Paper,Romance,Phalaropus lobatus,Polly Klammt,1927/08/10,2000,1065
9783672765686,Paper,Drama,Pavo cristatus,Terry Yewdell,1945/07/15,1985,665
9788016440148,Paper,Horror,Gopherus agassizii,Milly Iozefovich,1931/03/28,1966,1006
9784640950414,Audio,Horror,Vulpes vulpes,Mayor Unwin,1903/02/24,2015,758
9782363470297,Paper,Horror,Snycerus caffer,Orton Wife,1915/01/09,1995,799
9782759353466,Audio,Horror,Cynomys ludovicianus,Moritz Dufer,1915/12/22,1975,521
9783298268607,Paper,Horror,Porphyrio porphyrio,Judon Jefford,1915/11/09,1992,525
9789523302545,Paper,Drama,Acrantophis madagascariensis,Parry Harpur,1929/06/02,2001,308
9784050645249,Audio,Horror,Eudyptula minor,Lyon Tender,1921/07/14,1983,274
9781995825191,Paper,Horror,unavailable,Marna Harwick,1931/12/22,2004,634
9786201211863,Paper,Horror,Zalophus californicus,Mortimer Deneve,1916/04/07,2010,1008
9781062773175,Paper,Romance,Trachyphonus vaillantii,Theresina Iliffe,1906/08/01,1981,201
9780027947873,Audio,Horror,Charadrius tricollaris,Stanislas Towll,1903/11/22,1973,1361
9788058744454,Paper,Drama,Geochelone elephantopus,Sibylla Brickdale,1913/05/24,1978,582
9786467159231,Paper,Horror,Macropus eugenii,Loy Balsom,1905/04/04,1993,1123
9784306757836,Paper,Horror,Bubalus arnee,Lorenzo Bamber,1947/11/27,2000,558
9783770855612,Paper,Horror,Eubalaena australis,Maggy Bean,1930/11/24,1975,549
9781060864193,Paper,Horror,Larus fuliginosus,Saloma Elsie,1914/02/21,2002,636
9787930777194,Audio,Horror,Dicrostonyx groenlandicus,Harry Mara,1914/08/20,1977,1265
9788109829971,Paper,Drama,Ratufa indica,Gavan Laugheran,1947/02/26,1993,787
9789635636633,Paper,Horror,Canis dingo,Amelie Adami,1921/10/18,1960,217
9786129811753,Paper,Horror,Gerbillus sp.,Elvira Treadgear,1922/05/27,1981,736
9780490239823,Paper,Romance,Leptoptilus dubius,Lynnet Bagnal,1905/02/15,2013,539
9786488659288,Audio,Horror,Meleagris gallopavo,Shaylah Semeradova,1938/03/17,1991,986
9788467329835,Paper,Horror,Otaria flavescens,Pepita Jarvie,1917/02/09,1960,543
9782281911473,Paper,Drama,Bubalus arnee,Lolita Santacrole,1929/03/15,2003,889
9782923507007,Audio,Horror,Smithopsis crassicaudata,Khalil Blasli,1943/09/17,2003,1058
9787212707548,Paper,Horror,unavailable,Rupert Westphal,1936/07/12,2005,1486
9787541189551,Audio,Horror,Microcebus murinus,Riobard Dugmore,1947/12/05,2000,43
9781142295526,Paper,Horror,Cracticus nigroagularis,Noby Meneer,1933/09/14,2002,1162
9787141906475,Paper,Horror,Graspus graspus,Roby Blinkhorn,1915/03/22,1986,817
9785119416417,Paper,Drama,Kobus vardonii vardoni,Ladonna Nellen,1917/07/15,2009,1322
9787286194517,Paper,Horror,Hippotragus equinus,Burnard Thomlinson,1921/06/01,1978,197
9786367257555,Paper,Romance,Cebus albifrons,Karia Afield,1920/08/04,1972,612
9781343848041,Paper,Horror,Sula dactylatra,Giffy de Mendoza,1926/01/17,1980,824
9784996294305,Paper,Horror,Tyto novaehollandiae,Maure Warrack,1920/12/08,1968,921
9783879728059,Paper,Horror,Theropithecus gelada,Rancell McGready,1934/01/30,1974,494
9782640561412,Paper,Drama,Graspus graspus,Skelly Gillinghams,1907/10/01,2012,1287
9780204820792,Audio,Horror,Macropus eugenii,Noach Rosewall,1948/12/16,1989,157
9782846374764,Paper,Horror,Crotalus triseriatus,Odessa Wemes,1931/10/20,1980,821
9783402161743,Audio,Horror,Naja haje,Sibel Yewen,1911/05/17,2005,740
9780291775933,Paper,Horror,Cacatua galerita,Iosep Penylton,1912/12/08,1979,851
9783509953926,Paper,Horror,Fratercula corniculata,Giovanna Hinchon,1937/11/18,1977,961
9780135732005,Paper,Drama,Chelodina longicollis,Mychal Glowinski,1904/02/18,2002,970
9780572055695,Paper,Romance,Egretta thula,Evyn Wybrew,1908/10/22,2014,64
9783162716947,Paper,Horror,Plocepasser mahali,Aleen Elgee,1948/04/22,1963,197
9789991146676,Paper,Horror,Eutamias minimus,Luis Risely,1919/09/19,1992,946
9784164320721,Audio,Horror,Connochaetus taurinus,Kirsteni Brimilcombe,1914/10/14,1970,688
9785863566341,Audio,Horror,Dicrostonyx groenlandicus,Bryon Cortez,1912/03/07,2018,17
9784784359254,Paper,Drama,Chelodina longicollis,Hewitt Jovis,1917/09/19,2013,550
9788333630291,Paper,Horror,Lorythaixoides concolor,Pandora Kneebone,1925/02/05,1997,166
9783607275569,Paper,Horror,Bubo sp.,Pandora Kirkhouse,1907/06/23,2007,142
9787632292317,Paper,Horror,Tiliqua scincoides,Alyce Melanaphy,1911/10/31,1975,1129
9783896248126,Audio,Horror,Gerbillus sp.,Tonya Omrod,1913/10/20,2013,1128
9789531879628,Audio,Horror,Kobus vardonii vardoni,Sisely Hambidge,1923/10/13,1963,1349
9787733603437,Paper,Romance,Irania gutteralis,Gilbertina Girod,1949/11/10,2017,598
9786908004024,Paper,Horror,Pelecans onocratalus,Minnie Graddon,1908/03/20,1994,601
9782696167206,Paper,Horror,Nyctanassa violacea,Jessie Robelin,1901/01/13,1980,299
9780850659471,Audio,Horror,Oncorhynchus nerka,Dewitt Boddington,1949/12/10,1990,1420
9785064503754,Paper,Horror,Phoca vitulina,Francklyn Mordan,1913/02/13,1992,288
9780636202757,Paper,Horror,Ara ararauna,Rania Jeaneau,1942/02/15,2004,101
9785754156114,Paper,Drama,Varanus salvator,Muhammad Jarmaine,1934/09/19,2008,248
9780260920332,Paper,Horror,Leipoa ocellata,Katerina Newlove,1910/10/22,2007,356
9789289748510,Audio,Horror,Phalacrocorax carbo,Lockwood Shawe,1944/03/09,2010,663
9787536943385,Paper,Horror,Plocepasser mahali,Ash De la Yglesia,1916/10/08,2017,1184
9787042335761,Paper,Horror,Alces alces,Ruggiero Sebright,1938/08/08,1985,870
9789586963357,Paper,Romance,Vanessa indica,Rhodie Ludmann,1924/07/14,1975,446
9786387987994,Paper,Drama,Meles meles,Arly Gallanders,1917/06/15,1979,960
9781844726137,Audio,Horror,Echimys chrysurus,Jennilee Stobart,1932/07/07,2003,779
9783665689716,Paper,Horror,Vombatus ursinus,Virgilio Maulden,1911/11/20,1998,955
9789604679461,Paper,Horror,Nesomimus trifasciatus,Monique Houseley,1911/09/24,1995,635
9787490897403,Paper,Horror,Bucephala clangula,Stephan Wolstencroft,1942/03/02,1977,600
9786126426236,Paper,Horror,Neophron percnopterus,Mariellen Danilyak,1938/10/25,1995,1246
9785105841885,Paper,Drama,Lamprotornis nitens,Putnam Maddick,1931/11/08,2003,1063
9787241721238,Paper,Horror,Macropus rufogriseus,Lexie Bastard,1907/06/27,2004,187
9789420209689,Audio,Horror,Recurvirostra avosetta,Lacee Willshaw,1924/01/04,2006,444
9785513588175,Paper,Horror,Corvus albicollis,Britteny Herion,1902/05/05,1978,996
9788251935575,Paper,Romance,Eubalaena australis,Zebulon Note,1912/05/17,1981,745
9784687256844,Audio,Horror,Bison bison,Kylie Lidbetter,1947/03/21,2004,315
9786353144029,Paper,Drama,Lepus arcticus,Mae Jager,1944/09/12,1970,632
9781097327553,Paper,Horror,Actophilornis africanus,Garwin Cristobal,1902/12/07,1999,14
9786093898021,Paper,Horror,Aonyx cinerea,Alison Campey,1901/09/23,1981,500
9785144715581,Audio,Horror,Dicrurus adsimilis,Leodora Mouland,1931/12/05,1981,1292
9789988331208,Audio,Horror,Cygnus atratus,Denys Coverdill,1921/02/15,1981,9
9782777130660,Paper,Horror,Colobus guerza,Thibaut Mackley,1945/06/08,1974,1137
9782084315842,Paper,Drama,Phoenicopterus ruber,Bondy Froschauer,1938/07/19,1967,491
9788925775321,Paper,Horror,Litrocranius walleri,Viv Kibbey,1942/12/14,1973,776
9788791151667,Paper,Horror,Phalaropus fulicarius,Tate Chaffer,1934/04/25,1975,1138
9781632965743,Paper,Romance,Conolophus subcristatus,Atlanta Ort,1943/05/08,1976,707
9783335072503,Audio,Horror,Choloepus hoffmani,Keith Fossitt,1915/10/26,2007,844
9788973028636,Paper,Horror,Phoenicopterus chilensis,Celine Norcliffe,1924/02/29,2000,622
9787718949352,Paper,Drama,Phasianus colchicus,Jacquenetta Teligin,1900/04/11,2010,33
9780074503547,Paper,Horror,Vanellus armatus,Toinette Brozek,1945/10/08,1961,754
9781853071865,Audio,Horror,Panthera onca,Tildi Kenan,1924/03/04,2000,639
9780232224895,Paper,Horror,Crotalus cerastes,Loella Floyed,1936/12/22,2016,1095
9789698191453,Paper,Horror,Eurocephalus anguitimens,Enoch McFaell,1949/04/06,1971,981
9786641848262,Audio,Horror,Felis rufus,Nevin Graber,1932/01/18,1970,112
9781782844869,Paper,Drama,Aonyx cinerea,Carmina Kiebes,1916/06/15,2017,591
9780556573979,Audio,Horror,Phoenicopterus ruber,Fletch Cossington,1903/07/30,1992,801
9782531825033,Paper,Romance,Amblyrhynchus cristatus,Margette Stickford,1941/01/12,1991,157
9783419962908,Paper,Horror,Rhabdomys pumilio,Felicia Hardway,1934/09/10,1974,138
9786058211474,Paper,Horror,Tachyglossus aculeatus,Hyacinthe Maxfield,1934/02/20,1995,782
9787568819816,Paper,Horror,Caiman crocodilus,Silvan Layborn,1942/01/20,2011,250
9781856846449,Paper,Drama,Varanus salvator,Benedikt Martland,1947/10/03,1963,553
9782170793814,Paper,Horror,Pycnonotus nigricans,Caryl Gorusso,1935/02/19,2000,118
9786848482125,Paper,Horror,Uraeginthus granatina,Arnold Groll,1922/10/29,1969,13
9788130886747,Paper,Horror,Tauraco porphyrelophus,Bailie Munkton,1945/07/18,1981,1220
9789331074473,Paper,Horror,Aegypius occipitalis,Wilie Makeswell,1945/04/27,2003,1335
9783149218312,Audio,Horror,Genetta genetta,Fields Creighton,1912/06/16,1970,731
9780709244293,Paper,Drama,Tursiops truncatus,Blanca Ghent,1915/03/12,2009,1253
9781997050782,Paper,Romance,Dasyurus viverrinus,Amy Ferneley,1900/05/04,2013,600
9782544075862,Paper,Horror,Turtur chalcospilos,Brynn Murricanes,1901/02/13,2000,445
9783571568210,Paper,Horror,Grus antigone,Rip Burdfield,1901/12/31,2003,1069
9783701494643,Audio,Horror,Calyptorhynchus magnificus,Imogen Beange,1900/06/02,1981,74
9786676463339,Paper,Horror,Macropus agilis,Christophorus Prewer,1940/11/10,2000,583
9785990898789,Paper,Drama,Eudromia elegans,Roxi Dewes,1905/10/30,1992,956
9789161349052,Paper,Horror,Hippotragus equinus,Alayne Mullis,1917/12/20,1986,1389
9782290169098,Audio,Horror,Microcebus murinus,Isacco Leadbeater,1925/12/04,1986,24
9781650803129,Audio,Horror,Zenaida galapagoensis,Ferdinand Lantuff,1944/04/15,1992,1365
9789861246974,Paper,Horror,Bucorvus leadbeateri,Julee Wyrall,1933/10/07,1971,670
9780293992935,Paper,Horror,Anthropoides paradisea,Miriam Swaile,1904/10/29,1986,837
9782197746813,Paper,Romance,Felis wiedi or Leopardus weidi,Kendall Taber,1942/08/01,1987,1181
9781933837212,Paper,Horror,Cebus nigrivittatus,Grannie McGarrity,1947/06/27,1963,29
9786306510613,Audio,Horror,Ciconia episcopus,Ulric Sherborne,1915/04/21,1967,355
9788474606830,Audio,Horror,Theropithecus gelada,Huberto Nisbet,1936/04/12,1983,760
9783704737505,Paper,Horror,Aonyx capensis,Sigismondo Dunphy,1900/03/02,2011,1344
9783927053610,Paper,Horror,Chlidonias leucopterus,Amalie Mumby,1944/03/15,1979,335
9781756234876,Paper,Drama,Dromaeus novaehollandiae,Lucas Bocken,1948/11/10,2007,1494
9789193323826,Audio,Horror,Tragelaphus scriptus,Jerry Baudinet,1909/07/02,2013,697
9789580457249,Paper,Horror,Cercopithecus aethiops,Kathi Padilla,1933/01/06,2010,506
9788254966558,Paper,Horror,Phasianus colchicus,Ikey Werrit,1924/06/29,1998,1146
9783834076023,Audio,Horror,Phoenicopterus ruber,Giovanna Lere,1908/07/30,1966,406
9785923486931,Paper,Romance,Ninox superciliaris,Cesare Silverthorne,1928/11/21,1976,524
9786886172892,Paper,Drama,Nasua narica,Cristiano Lindhe,1942/09/30,1967,1193
9784738923082,Paper,Horror,Colaptes campestroides,Donnamarie Witherden,1918/05/20,2009,655
9782402734439,Paper,Horror,Dicrostonyx groenlandicus,Phebe Kestle,1938/06/07,1965,1345
9786181876580,Paper,Horror,Cervus unicolor,Blisse Rotherham,1935/01/14,1993,1061
9781947735871,Paper,Horror,Gymnorhina tibicen,Ashlin Margerrison,1900/01/17,2005,956
9784618545520,Audio,Horror,Grus rubicundus,Agnese Scare,1911/07/22,1963,669
9780229004616,Paper,Drama,Tayassu tajacu,Caresse Stango,1936/12/05,1982,16
9782574235799,Paper,Horror,Loris tardigratus,Waylon McClenaghan,1925/11/05,1978,389
9782495286933,Paper,Horror,Felis rufus,Joel Lowth,1905/06/11,2002,634
9787174724312,Paper,Horror,Zenaida galapagoensis,Willie Mehmet,1939/10/01,2010,1033
9782770003531,Paper,Romance,Mellivora capensis,Pearla Cootes,1921/03/04,1965,1296
9789471321089,Paper,Horror,Chauna torquata,Lenora Akerman,1928/06/29,2008,458
9784567563436,Paper,Drama,Physignathus cocincinus,Nancee Wasselin,1925/01/07,1982,713
9787238357165,Paper,Horror,Otaria flavescens,Jedediah Tinman,1903/08/12,1995,1319
9789268697572,Paper,Horror,Alligator mississippiensis,Pegeen Fretwell,1929/06/27,1989,1270
9786395969686,Audio,Horror,Acrobates pygmaeus,Kimmy Heel,1920/07/06,1970,843
9783285765783,Paper,Horror,Lorythaixoides concolor,Zondra Euels,1915/03/21,2005,254
9785590313068,Paper,Horror,Certotrichas paena,Dania MacRory,1936/08/10,1961,652
9789398831808,Paper,Drama,Buteo galapagoensis,Grantham Kivits,1928/10/30,1983,811
9789705212152,Audio,Horror,Paraxerus cepapi,Randee Aspinwall,1907/08/29,1971,838
9787676607574,Audio,Horror,Isoodon obesulus,Annmarie Tresise,1906/07/14,1969,340
9784744702752,Paper,Romance,Macropus agilis,Rainer Richel,1932/12/04,2007,42
9789535759929,Paper,Horror,Canis mesomelas,Prissie Hellis,1926/04/15,1962,300
9784232823224,Paper,Horror,Sagittarius serpentarius,Flossi Gillespey,1939/12/23,1969,348
9788566343640,Paper,Drama,Macropus giganteus,Tabbi Moxom,1930/02/07,2018,837
9780141792257,Audio,Horror,Ardea golieth,Sondra Elvins,1917/03/24,1975,447
9783171365059,Audio,Horror,Carduelis pinus,Jaynell Hilland,1913/04/09,1999,1232
9782633106587,Paper,Horror,Felis wiedi or Leopardus weidi,Jennee Sharpus,1915/05/14,1974,750
9788566358936,Paper,Horror,Nycticorax nycticorax,Maren Headingham,1911/10/02,2013,451
9789127463377,Paper,Horror,Acanthaster planci,Bernarr Burgyn,1902/07/01,1998,61
9787790304389,Paper,Drama,Sarkidornis melanotos,Mathew Mewe,1937/07/02,1977,553
9781874250066,Paper,Horror,Gyps bengalensis,Lauree Dukesbury,1904/03/19,1987,955
9784246203688,Paper,Romance,Cygnus buccinator,Cullie Paulet,1902/01/05,2004,604
9781056304526,Audio,Horror,Nyctereutes procyonoides,Tandie Nuzzetti,1903/08/20,1987,1201
9786780120088,Paper,Horror,Lophoaetus occipitalis,Riki Walczynski,1920/10/10,1993,368
9788310846119,Audio,Horror,Oreamnos americanus,Martynne Glowinski,1937/12/23,2001,119
9786527263394,Paper,Drama,Hippopotamus amphibius,Shela Cotman,1909/05/12,2001,1259
9789727835071,Paper,Horror,Lycosa godeffroyi,Ramsay Chieco,1908/03/07,1988,1440
9786190435503,Paper,Horror,Camelus dromedarius,Feodor Fagg,1942/09/30,1992,267
9788966986057,Paper,Horror,Mazama gouazoubira,Tommy Halsted,1937/10/15,1995,773
9785034430314,Audio,Horror,Plocepasser mahali,Jephthah Parken,1947/11/30,1971,1017
9784941545521,Paper,Horror,Bison bison,Derrik Pretsell,1926/05/13,2005,376
9788120152630,Paper,Drama,Vanellus armatus,Muffin Carwithan,1923/05/03,2008,173
9789246812280,Paper,Romance,Anser anser,Tandie Rheaume,1910/08/23,1986,673
9784702377781,Paper,Horror,Grus antigone,Berry Palethorpe,1920/08/31,1999,266
9787033264876,Audio,Horror,Macaca radiata,Maddie Altofts,1942/06/07,1963,1098
9784283479975,Paper,Horror,Vanellus chilensis,Keenan Houdmont,1909/12/28,1971,743
9786114105855,Audio,Horror,Diomedea irrorata,Dari Charity,1909/06/24,2006,1489
9786945798672,Paper,Drama,Ara chloroptera,Kalil Kadar,1945/04/02,1961,326
9780367836614,Paper,Horror,Ciconia episcopus,Evonne Gammon,1921/10/24,1984,650
9781877165782,Audio,Horror,Theropithecus gelada,Terrence Belsham,1913/11/25,2005,670
9781698354728,Paper,Horror,Pseudocheirus peregrinus,Granger Lucken,1905/12/02,1993,610
9787874928214,Paper,Horror,Phascogale tapoatafa,Deloria Hardey,1947/11/08,2009,1307
9780077132228,Paper,Horror,Rangifer tarandus,Ernest Matashkin,1902/02/24,1962,301
9780161421371,Paper,Romance,Libellula quadrimaculata,Natty Halley,1938/07/06,1964,243
9785746903743,Audio,Horror,Tamiasciurus hudsonicus,Woodie Macknish,1911/12/10,1970,1165
9782138278722,Paper,Horror,Panthera pardus,Corrianne Parysiak,1937/12/25,1966,372
9785973691380,Paper,Horror,Ratufa indica,Banky Simonyi,1912/06/10,1971,213
9786343716997,Paper,Horror,Buteo jamaicensis,Perrine Orsay,1943/11/12,1991,10
9785547838316,Paper,Horror,Macaca mulatta,Parry Kildea,1917/09/16,1969,267
9788102887203,Paper,Drama,Milvus migrans,Killian Dubarry,1937/08/25,1999,1498
9783801149882,Audio,Horror,Rhabdomys pumilio,Roobbie Cockle,1933/11/08,1981,1499
9784087526531,Paper,Horror,Dusicyon thous,Hubert Munden,1943/06/04,2007,1468
9783037610773,Paper,Horror,Odocoileus hemionus,Reggie Ottery,1944/06/25,1986,612
9782691526619,Paper,Horror,unavailable,Eugenio Fosher,1945/12/05,1993,471
9788661079263,Paper,Romance,Felis concolor,Shannan Prior,1919/09/09,2001,1060
9786478291410,Paper,Drama,Cacatua tenuirostris,Abby Lifsey,1915/06/23,1983,229
9788228558236,Paper,Horror,Felis concolor,Cybill Gasnoll,1909/05/09,1982,1070
9782169260240,Audio,Horror,Sarcorhamphus papa,Portie Thorwarth,1935/03/11,1977,1431
9789627435283,Paper,Horror,Grus canadensis,Gabriel McCoughan,1947/08/15,1999,1321
9784246702405,Audio,Horror,Felis wiedi or Leopardus weidi,Shell Coltan,1939/09/19,1969,517
9788775064044,Paper,Horror,unavailable,Jacki Olerenshaw,1924/11/03,1961,113
9787545298940,Paper,Drama,Ourebia ourebi,Pandora Vedeniktov,1912/09/21,1965,110
9781434558505,Paper,Horror,Agkistrodon piscivorus,Nicol Rodrigo,1939/12/28,2004,488
9780727506206,Paper,Horror,Felis caracal,Gretal Hardaker,1910/06/20,2008,1378
9784211799457,Audio,Horror,Threskionis aethiopicus,Catrina Faulder,1930/01/07,1998,1091
9789756727070,Paper,Romance,Francolinus swainsonii,Mariquilla Barnardo,1944/11/28,1999,642
9783332283799,Paper,Horror,Felis silvestris lybica,Danyette Stancliffe,1936/07/07,1997,1405
9788258720797,Paper,Drama,Stenella coeruleoalba,Shelley Guidoni,1934/01/28,2001,965
9786663614679,Paper,Horror,Bucephala clangula,Cary Girodier,1936/11/28,1967,1127
9787575695786,Audio,Horror,Crotalus cerastes,Jed Folkerd,1929/07/15,1996,286
9782958766848,Paper,Horror,Speothos vanaticus,Dyanna Thorington,1910/11/26,2011,1172
9781534495888,Audio,Horror,Proteles cristatus,Twyla Bardsley,1926/02/17,2003,58
9789041296088,Paper,Horror,Macropus agilis,Cecilius Cawtheray,1934/05/26,2005,1278
9786981014914,Paper,Drama,unavailable,Bunni Stallard,1927/08/26,1980,413
9786497429582,Audio,Horror,Varanus sp.,Brennen Yokley,1911/07/18,1966,67
9788810444306,Paper,Horror,Junonia genoveua,Rosana Oliva,1916/09/22,1997,426
9789459363383,Paper,Romance,Raphicerus campestris,Kylynn Loveman,1913/06/16,1985,761
9780744478694,Paper,Horror,Boselaphus tragocamelus,Caye Yarham,1937/06/26,1999,314
9784160993639,Audio,Horror,Macropus robustus,Wolfgang Neal,1922/04/21,1962,1109
9786555178545,Paper,Drama,Ovibos moschatus,Alejandro Danihelka,1930/03/18,1962,189
9783927782935,Paper,Horror,Francolinus coqui,Fredrika Okroy,1912/02/23,1968,1201
9787507644964,Paper,Horror,Chlamydosaurus kingii,Jerad Hourston,1946/06/30,1969,1109
9785935907625,Paper,Horror,Naja haje,Deeanne Felderer,1926/10/03,2015,71
9784040733823,Paper,Horror,Ephipplorhynchus senegalensis,Myrtie MacNish,1944/06/14,1988,931
9784113230018,Audio,Horror,Rana sp.,Farah Mutton,1939/03/24,1982,1207
9782127900669,Paper,Drama,Junonia genoveua,Aeriela Elvin,1934/12/25,1988,500
9780761498486,Paper,Horror,Sus scrofa,Philip Babin,1920/12/13,1977,495
9788048458222,Paper,Romance,Paradoxurus hermaphroditus,Anny Defont,1914/03/31,2017,659
9784683288640,Paper,Horror,Pedetes capensis,Sibylle Mamwell,1929/03/10,1972,532
9781757868188,Audio,Horror,Dasyurus maculatus,Violetta Wakefield,1917/02/12,1967,1203
9780919955356,Paper,Horror,Falco mexicanus,Walton Popov,1941/12/05,1981,903
9787535851882,Paper,Drama,Colobus guerza,Purcell Stare,1923/09/15,1990,317
9786717296250,Audio,Horror,Priodontes maximus,Kaylil Fedorski,1940/01/29,1987,1179
9781873165354,Paper,Horror,Ctenophorus ornatus,Chen Chamley,1910/04/17,1963,681
9783297913187,Audio,Horror,Merops nubicus,Laraine Tringham,1932/03/12,1991,975
9789521657712,Paper,Horror,Gyps fulvus,Vinnie McGann,1931/01/26,1973,701
9787476831740,Paper,Horror,Gyps bengalensis,Allianora Fritche,1947/05/05,2015,889
9789427774221,Paper,Drama,Buteo galapagoensis,Belinda Ramos,1910/01/05,1986,472
9788075590370,Paper,Romance,Sarcorhamphus papa,Calvin Murkus,1933/01/15,1983,166
9784067381708,Audio,Horror,Mirounga leonina,Fae Harrhy,1911/09/13,2016,469
9786701044048,Paper,Horror,Ara chloroptera,Linn Blues,1920/06/05,1994,509
9780449404836,Paper,Horror,Colobus guerza,Mervin Jamieson,1920/02/14,1976,478
9788099471984,Paper,Horror,Chloephaga melanoptera,Mercedes Pigney,1941/04/02,1965,1100
9782609932409,Paper,Drama,Cacatua galerita,Mable Hillett,1910/06/14,1989,247
9788012322868,Audio,Horror,Crocodylus niloticus,Janaye Kensington,1906/08/28,2006,396
9780338620618,Paper,Horror,Equus hemionus,Kizzee Yerrill,1930/02/23,1971,783
9781890735571,Audio,Horror,Gymnorhina tibicen,Ula Javes,1910/10/30,1974,323
9788908887704,Paper,Horror,Callipepla gambelii,Dinny Peck,1936/01/12,1997,1493
9780537054287,Paper,Horror,Ctenophorus ornatus,Jamima Scriven,1945/10/31,2010,237
9788828763737,Paper,Romance,Felis wiedi or Leopardus weidi,Sophronia McDonand,1902/07/24,2012,949
9786747194701,Paper,Horror,Propithecus verreauxi,Tilda Hinksen,1916/11/29,2017,43
9785368792700,Paper,Horror,Manouria emys,Dell Swanborough,1940/08/24,1977,1465
9784905348635,Paper,Horror,Connochaetus taurinus,Elsey Wretham,1941/08/07,1972,358
9784229575484,Audio,Horror,Ephippiorhynchus mycteria,Wilburt Belfield,1908/04/10,2017,805
9789846258430,Audio,Horror,Pycnonotus barbatus,Katherina Nicholl,1931/02/15,2014,1039
9787469930352,Paper,Drama,Microcebus murinus,Phineas Dagless,1909/04/24,1979,1445
9787250286650,Paper,Horror,Leptoptilus dubius,Diandra Redington,1940/03/11,1975,249
9780590895948,Paper,Horror,Felis silvestris lybica,Crawford Baroc,1930/11/17,1972,1068
9787393106859,Paper,Horror,Felis concolor,Glynn Menis,1931/10/12,1970,889
